sku,custo_anterior,custo_novo
158.1,,0.13
158.1,,0.13
Transparente,,0.04
158.1,,0.13
889590,,1.51
JY 1098,,2.02
158.1,,0.13
1180,,0.27
37877,,0.73
PA0010,,0.2698
889590,,1.51
158.1,,0.13
158.1,,0.13
1551,,0.4103
37877,,0.73
45516,,0.42
MADOPIDOMA,,0.1578
158.1,,0.13
1180,,0.27
1180,,0.27
1293944,,0.71
1293944,,0.71
49427,,0.45
49427,,0.45
573429,,0.05
573429,,0.05
763,,0.13
763,,0.13
158.1,,0.13
27102,,0.05
44903,,0.09
763,,0.13
Transparente,,0.04
158.1,,0.13
45516,,0.42
1180,,0.27
119047,,0.318
158.1,,0.13
27102,,0.05
158.1,,0.13
158.1,,0.13
158.1,,0.13
158.1,,0.13
158.1,,0.13
889590,,1.51
158.1,,0.13
158.1,,0.13
52531,,0.12
52531,,0.12
1180,,0.27
1180,,0.27
1293944,,0.71
1293944,,0.71
41455,,0.16
41455,,0.16
44903,,0.09
44903,,0.09
49427,,0.45
49427,,0.45
MADOB7BIMA,,0.05
MADOB7BIMA,,0.05
Transparente,,0.04
Transparente,,0.04
158.1,,0.13
37877,,0.73
37877,,0.73
49427,,0.45
49427,,0.45
1148541,,0.78
27102,,0.05
PA0010,,0.2698
158.1,,0.13
889590,,1.51
0108,,0.31
0108,,0.31
1551,,0.4103
1551,,0.4103
171,,0.08
171,,0.08
27102,,0.05
27102,,0.05
39216,,8.99
39216,,8.99
49427,,0.45
49427,,0.45
50571,,0.19
50571,,0.19
52531,,0.12
52531,,0.12
158.1,,0.13
1180,,0.27
1180,,0.27
27102,,0.05
27102,,0.05
45516,,0.42
45516,,0.42
49427,,0.45
49427,,0.45
50571,,0.19
50571,,0.19
763,,0.13
763,,0.13
Transparente,,0.04
Transparente,,0.04
158.1,,0.13
171,,0.08
27102,,0.05
41455,,0.16
44903,,0.09
573429,,0.05
63432,,0.11
64371,,0.09
MADOB7BIMA,,0.05
1180,,0.27
37877,,0.73
41455,,0.16
49427,,0.45
JY 1098,,2.02
158.1,,0.13
0108,,0.31
1180,,0.27
1293944,,0.71
49427,,0.45
889590,,1.51
158.1,,0.13
0108,,0.31
1299,,0.2
49427,,0.45
573429,,0.05
MADOB7BIMA,,0.05
158.1,,0.13
1180,,0.27
1293944,,0.71
337953,,0.34
49427,,0.45
889590,,1.51
52531,,0.12
52531,,0.12
158.1,,0.13
1148541,,0.78
1180,,0.27
1293944,,0.71
337953,,0.34
49427,,0.45
MADOPASTMA,,1.47
Transparente,,0.04
1180,,0.27
27102,,0.05
37877,,0.73
41455,,0.16
49427,,0.45
158.1,,0.13
1180,,0.27
27102,,0.05
41455,,0.16
49427,,0.45
158.1,,0.13
1180,,0.27
1293944,,0.71
27102,,0.05
41455,,0.16
49427,,0.45
1110593,,0.2
1180,,0.27
1293944,,0.71
158.1,,0.13
41455,,0.16
PA0010,,0.2698
Transparente,,0.04
0108,,0.31
1180,,0.27
1293944,,0.71
27102,,0.05
0108,,0.31
1299,,0.2
1551,,0.4103
158.1,,0.13
41455,,0.16
64371,,0.09
1180,,0.27
1293944,,0.71
158.1,,0.13
171,,0.08
49427,,0.45
52531,,0.12
158.1,,0.13
158.1,,0.13
MABRANFLOMP,,0.05
MABRPUFLOMP,,0.23
0108,,0.31
1110593,,0.2
1180,,0.27
119047,,0.318
1293944,,0.71
158.1,,0.13
171,,0.08
27102,,0.05
41455,,0.16
49427,,0.45
50941,,0.11
64371,,0.09
889590,,1.51
MADOB7BIMA,,0.05
158.1,,0.13
41455,,0.16
158.1,,0.13
1180,,0.27
171,,0.08
27102,,0.05
41455,,0.16
44903,,0.09
50571,,0.19
52531,,0.12
MADOB7BIMA,,0.05
158.1,,0.13
158.1,,0.13
1180,,0.27
27102,,0.05
45516,,0.42
50571,,0.19
64371,,0.09
889590,,1.51
MADOB7BIMA,,0.05
Transparente,,0.04
1110593,,0.2
37877,,0.73
41455,,0.16
49427,,0.45
PA0010,,0.2698
158.1,,0.13
158.1,,0.13
158.1,,0.13
158.1,,0.13
158.1,,0.13
158.1,,0.13
158.1,,0.13
158.1,,0.13
0108,,0.31
1180,,0.27
1293944,,0.71
171,,0.08
49427,,0.45
50571,,0.19
158.1,,0.13
158.1,,0.13
158.1,,0.13
1110593,,0.2
1293944,,0.71
158.1,,0.13
41455,,0.16
573429,,0.05
158.1,,0.13
158.1,,0.13
1180,,0.27
1180,,0.27
1180,,0.27
171,,0.08
171,,0.08
27102,,0.05
27102,,0.05
41455,,0.16
41455,,0.16
44903,,0.09
44903,,0.09
52531,,0.12
52531,,0.12
MADOB7BIMA,,0.05
MADOB7BIMA,,0.05
158.1,,0.13
0108,,0.31
119047,,0.318
1293944,,0.71
158.1,,0.13
41455,,0.16
49427,,0.45
52531,,0.12
158.1,,0.13
158.1,,0.13
1110593,,0.2
1293944,,0.71
573429,,0.05
158.1,,0.13
158.1,,0.13
158.1,,0.13
1161830,,0.81
1161830,,0.81
27102,,0.05
27102,,0.05
37877,,0.73
37877,,0.73
49427,,0.45
49427,,0.45
63432,,0.11
63432,,0.11
158.1,,0.13
PA0010,,0.2698
158.1,,0.13
0108,,0.31
119047,,0.318
1293944,,0.71
158.1,,0.13
27102,,0.05
573429,,0.05
158.1,,0.13
158.1,,0.13
158.1,,0.13
1293944,,0.71
158.1,,0.13
27102,,0.05
41455,,0.16
50571,,0.19
52531,,0.12
763,,0.13
158.1,,0.13
171,,0.08
41455,,0.16
MADOB7BIMA,,0.05
1110593,,0.2
1110593,,0.2
1293944,,0.71
1293944,,0.71
573429,,0.05
573429,,0.05
0108,,0.31
1180,,0.27
158.1,,0.13
27102,,0.05
52531,,0.12
158.1,,0.13
0108,,0.31
1110593,,0.2
1180,,0.27
171,,0.08
37877,,0.73
41455,,0.16
49427,,0.45
PA0010,,0.2698
0108,,0.31
0108,,0.31
1180,,0.27
1180,,0.27
37877,,0.73
37877,,0.73
41455,,0.16
41455,,0.16
49427,,0.45
49427,,0.45
0108,,0.31
1180,,0.27
1293944,,0.71
171,,0.08
27102,,0.05
52531,,0.12
0108,,0.31
27102,,0.05
41455,,0.16
49427,,0.45
0108,,0.31
0108,,0.31
1180,,0.27
1180,,0.27
27102,,0.05
27102,,0.05
41455,,0.16
41455,,0.16
52531,,0.12
52531,,0.12
1180,,0.27
27102,,0.05
37877,,0.73
52531,,0.12
0108,,0.31
49427,,0.45
52531,,0.12
573429,,0.05
619205840061,,1.45
PA0010,,0.2698
158.1,,0.13
158.1,,0.13
0108,,0.31
119047,,0.318
171,,0.08
27102,,0.05
52531,,0.12
63432,,0.11
MADOB7BIMA,,0.05
0108,,0.31
119047,,0.318
171,,0.08
27102,,0.05
52531,,0.12
63432,,0.11
1180,,0.27
171,,0.08
27102,,0.05
41455,,0.16
52531,,0.12
MADOB7BIMA,,0.05
PA0010,,0.2698
0108,,0.31
0108,,0.31
171,,0.08
171,,0.08
41455,,0.16
41455,,0.16
158.1,,0.13
158.1,,0.13
158.1,,0.13
158.1,,0.13
41455,,0.16
41455,,0.16
45516,,0.42
45516,,0.42
49427,,0.45
49427,,0.45
50571,,0.19
50571,,0.19
PA0010,,0.2698
PA0010,,0.2698
158.1,,0.13
1110593,,0.2
1180,,0.27
119047,,0.318
158.1,,0.13
37877,,0.73
158.1,,0.13
158.1,,0.13
158.1,,0.13
0108,,0.31
0108,,0.31
1180,,0.27
1180,,0.27
158.1,,0.13
158.1,,0.13
27102,,0.05
27102,,0.05
41455,,0.16
41455,,0.16
158.1,,0.13
158.1,,0.13
45516,,0.42
0108,,0.31
158.1,,0.13
41455,,0.16
49427,,0.45
MAMBDINMP,,0.4
158.1,,0.13
158.1,,0.13
895766,,1.44
FEST01,,0.94
MABRESTF,,0.33
1180,,0.27
27102,,0.05
41455,,0.16
52531,,0.12
158.1,,0.13
158.1,,0.13
RJAP01039,,2.24
RJAP01039,,2.24
MAESKTR,,45.0
MAESKTR,,45.0
7898047010020,,0.05
7898047010020,,0.05
7898047010020,,0.05
807909,,0.61
807909,,0.61
807909,,0.61
807909,,0.61
807909,,0.61
807909,,0.61
807909,,0.61
7898047010020,,0.05
7898047010020,,0.05
7898047010020,,0.05
MACASUPFIJH,,13.0
A108,,14.0
A108,,14.0
MABRPC,,1.51
MABRPC,,1.51
MACALI7,,16.0
MACALI7,,16.0
MACALI7,,16.0
MACALI7,,16.0
MAESCORG3,,16.0
MAESCORG3,,16.0
MAESCORG3,,16.0
MAESCORG3,,16.0
158.1,,0.13
7898047010020,,0.05
7898047010020,,0.05
7898047010020,,0.05
7898047010020,,0.05
7898047010020,,0.05
7898047010020,,0.05
7898047010020,,0.05
7898047010020,,0.05
7898047010020,,0.05
7898047010020,,0.05
ZR0380,,10.0
ZR0380,,10.0
ZR0380,,10.0
ZR0380,,10.0
ZR0380,,10.0
ZR0380,,10.0
ZR0380,,10.0
ZR0380,,10.0
ZR0380,,10.0
ZR0380,,10.0
MAVMC27JH,,16.2
MAVMC27JH,,16.2
MAVMC27JH,,16.2
A009-GM3000,,30.0
A009-GM3000,,30.0
MAVM2P180C,,23.4
MAVM2P180C,,23.4
A016,,45.0
889590,,1.51
MAMOBKK5000C,,104.0
MAMOBKK5000C,,104.0
158.1,,0.13
7898047010020,,0.05
889590,,1.51
7898047010020,,0.05
7898047010020,,0.05
7898047010020,,0.05
A009-GM3000,,30.0
A009-GM3000,,30.0
A702,,27.0
A702,,27.0
1110593,,0.2
1180,,0.27
158.1,,0.13
41455,,0.16
573429,,0.05
PA0010,,0.2698
158.1,,0.13
10530,,2.69
619205840061,,1.45
850773,,3.05
1180,,0.27
158.1,,0.13
27102,,0.05
41455,,0.16
52531,,0.12
0108,,0.31
158.1,,0.13
52531,,0.12
63432,,0.11
MADOB7BIMA,,0.05
1180,,0.27
119047,,0.318
171,,0.08
27102,,0.05
52531,,0.12
63432,,0.11
MADOB7BIMA,,0.05
1180,,0.27
158.1,,0.13
27102,,0.05
41455,,0.16
52531,,0.12
0108,,0.31
0108,,0.31
1180,,0.27
1180,,0.27
27102,,0.05
27102,,0.05
41455,,0.16
41455,,0.16
52531,,0.12
52531,,0.12
MADOB7BIMA,,0.05
MADOB7BIMA,,0.05
1180,,0.27
1180,,0.27
171,,0.08
171,,0.08
27102,,0.05
27102,,0.05
37877,,0.73
37877,,0.73
41455,,0.16
41455,,0.16
44903,,0.09
44903,,0.09
MADOB7BIMA,,0.05
MADOB7BIMA,,0.05
0108,,0.31
0108,,0.31
1180,,0.27
1180,,0.27
171,,0.08
171,,0.08
41455,,0.16
41455,,0.16
44903,,0.09
44903,,0.09
52531,,0.12
52531,,0.12
MADOB7BIMA,,0.05
MADOB7BIMA,,0.05
619205840061,,1.45
850773,,3.05
1180,,0.27
37877,,0.73
41455,,0.16
49427,,0.45
MADOB7BIMA,,0.05
171,,0.08
171,,0.08
27102,,0.05
27102,,0.05
44903,,0.09
44903,,0.09
50571,,0.19
50571,,0.19
52531,,0.12
52531,,0.12
MADOB7BIMA,,0.05
MADOB7BIMA,,0.05
MADOMEL,,2.69
MADOMEL,,2.69
0108,,0.31
171,,0.08
27102,,0.05
41455,,0.16
52531,,0.12
63432,,0.11
MADOB7BIMA,,0.05
1180,,0.27
171,,0.08
27102,,0.05
41455,,0.16
44903,,0.09
52531,,0.12
MADOB7BIMA,,0.05
922952,,3.86
922952,,3.86
171,,0.08
27102,,0.05
52531,,0.12
63432,,0.11
MADOB7BIMA,,0.05
7898056628216,,0.4
7898056628216,,0.4
171,,0.08
27102,,0.05
37877,,0.73
41455,,0.16
49427,,0.45
52531,,0.12
MADOB7BIMA,,0.05
0108,,0.31
44903,,0.09
52531,,0.12
MADOB7BIMA,,0.05
807909,,0.61
1180,,0.27
1180,,0.27
1180,,0.27
158.1,,0.13
158.1,,0.13
158.1,,0.13
41455,,0.16
41455,,0.16
41455,,0.16
763,,0.13
763,,0.13
763,,0.13
Transparente,,0.04
Transparente,,0.04
Transparente,,0.04
1180,,0.27
158.1,,0.13
27102,,0.05
41455,,0.16
763,,0.13
Transparente,,0.04
158.1,,0.13
158.1,,0.13
158.1,,0.13
158.1,,0.13
1180,,0.27
41455,,0.16
52531,,0.12
763,,0.13
1180,,0.27
1180,,0.27
1180,,0.27
41455,,0.16
41455,,0.16
41455,,0.16
44903,,0.09
44903,,0.09
44903,,0.09
MADOB7BIMA,,0.05
MADOB7BIMA,,0.05
MADOB7BIMA,,0.05
158.1,,0.13
158.1,,0.13
Transparente,,0.04
Transparente,,0.04
158.1,,0.13
158.1,,0.13
41455,,0.16
41455,,0.16
PA0010,,0.2698
PA0010,,0.2698
Transparente,,0.04
Transparente,,0.04
1180,,0.27
1180,,0.27
158.1,,0.13
158.1,,0.13
41455,,0.16
41455,,0.16
PA0010,,0.2698
PA0010,,0.2698
Transparente,,0.04
Transparente,,0.04
0108,,0.31
0108,,0.31
1180,,0.27
1180,,0.27
158.1,,0.13
158.1,,0.13
41455,,0.16
41455,,0.16
PA0010,,0.2698
PA0010,,0.2698
Transparente,,0.04
Transparente,,0.04
52531,,0.12
MADOB7BIMA,,0.05
158.1,,0.13
158.1,,0.13
158.1,,0.13
158.1,,0.13
158.1,,0.13
Transparente,,0.04
Transparente,,0.04
Transparente,,0.04
Transparente,,0.04
Transparente,,0.04
158.1,,0.13
158.1,,0.13
158.1,,0.13
158.1,,0.13
889590,,1.51
889590,,1.51
889590,,1.51
889590,,1.51
889590,,1.51
889590,,1.51
1180,,0.27
1180,,0.27
1180,,0.27
1180,,0.27
1293944,,0.71
1293944,,0.71
1293944,,0.71
1293944,,0.71
158.1,,0.13
158.1,,0.13
158.1,,0.13
158.1,,0.13
49427,,0.45
49427,,0.45
49427,,0.45
49427,,0.45
MADOB7BIMA,,0.05
MADOB7BIMA,,0.05
MADOB7BIMA,,0.05
MADOB7BIMA,,0.05
Transparente,,0.04
Transparente,,0.04
Transparente,,0.04
Transparente,,0.04
0108,,0.31
0108,,0.31
0108,,0.31
1180,,0.27
1180,,0.27
1180,,0.27
1293944,,0.71
1293944,,0.71
1293944,,0.71
27102,,0.05
27102,,0.05
27102,,0.05
1180,,0.27
158.1,,0.13
27102,,0.05
763,,0.13
1180,,0.27
1180,,0.27
1293944,,0.71
1293944,,0.71
41455,,0.16
41455,,0.16
44903,,0.09
44903,,0.09
49427,,0.45
49427,,0.45
MADOB7BIMA,,0.05
MADOB7BIMA,,0.05
1180,,0.27
1180,,0.27
41455,,0.16
41455,,0.16
49427,,0.45
49427,,0.45
573429,,0.05
573429,,0.05
MADOPIENRO,,0.2
MADOPIENRO,,0.2
Transparente,,0.04
Transparente,,0.04
1180,,0.27
41455,,0.16
49427,,0.45
573429,,0.05
MADOPIENRO,,0.2
Transparente,,0.04
1180,,0.27
1180,,0.27
1180,,0.27
41455,,0.16
41455,,0.16
41455,,0.16
49427,,0.45
49427,,0.45
49427,,0.45
573429,,0.05
573429,,0.05
573429,,0.05
MADOPIENRO,,0.2
MADOPIENRO,,0.2
MADOPIENRO,,0.2
1180,,0.27
1180,,0.27
1180,,0.27
1180,,0.27
1293944,,0.71
1293944,,0.71
1293944,,0.71
1293944,,0.71
41455,,0.16
41455,,0.16
41455,,0.16
41455,,0.16
49427,,0.45
49427,,0.45
49427,,0.45
49427,,0.45
1180,,0.27
1293944,,0.71
41455,,0.16
49427,,0.45
1180,,0.27
1293944,,0.71
41455,,0.16
49427,,0.45
1180,,0.27
1180,,0.27
171,,0.08
171,,0.08
27102,,0.05
27102,,0.05
41455,,0.16
41455,,0.16
52531,,0.12
52531,,0.12
63432,,0.11
63432,,0.11
MADOB7BIMA,,0.05
MADOB7BIMA,,0.05
1180,,0.27
171,,0.08
27102,,0.05
41455,,0.16
52531,,0.12
63432,,0.11
MADOB7BIMA,,0.05
Transparente,,0.04
0108,,0.31
0108,,0.31
158.1,,0.13
158.1,,0.13
41455,,0.16
41455,,0.16
573429,,0.05
573429,,0.05
60113,,0.14
60113,,0.14
1110593,,0.2
1110593,,0.2
1110593,,0.2
1293944,,0.71
1293944,,0.71
1293944,,0.71
158.1,,0.13
158.1,,0.13
158.1,,0.13
41455,,0.16
41455,,0.16
41455,,0.16
573429,,0.05
573429,,0.05
573429,,0.05
1293944,,0.71
41455,,0.16
44903,,0.09
49427,,0.45
PA0010,,0.2698
41455,,0.16
44903,,0.09
573429,,0.05
63432,,0.11
PA0010,,0.2698
1110593,,0.2
1293944,,0.71
49427,,0.45
52531,,0.12
MADOPIENRO,,0.2
1110593,,0.2
52531,,0.12
MADOPIENRO,,0.2
1110593,,0.2
52531,,0.12
MADOPIENRO,,0.2
1110593,,0.2
1110593,,0.2
1180,,0.27
1180,,0.27
158.1,,0.13
158.1,,0.13
41455,,0.16
41455,,0.16
573429,,0.05
573429,,0.05
PA0010,,0.2698
PA0010,,0.2698
Transparente,,0.04
Transparente,,0.04
1110593,,0.2
1180,,0.27
158.1,,0.13
41455,,0.16
573429,,0.05
PA0010,,0.2698
1110593,,0.2
1180,,0.27
158.1,,0.13
41455,,0.16
573429,,0.05
PA0010,,0.2698
1180,,0.27
1293944,,0.71
27102,,0.05
49427,,0.45
52531,,0.12
573429,,0.05
1180,,0.27
1180,,0.27
1293944,,0.71
1293944,,0.71
27102,,0.05
27102,,0.05
49427,,0.45
49427,,0.45
52531,,0.12
52531,,0.12
573429,,0.05
573429,,0.05
0108,,0.31
0108,,0.31
41455,,0.16
41455,,0.16
763,,0.13
763,,0.13
MADOPIENRO,,0.2
MADOPIENRO,,0.2
PA0010,,0.2698
PA0010,,0.2698
1180,,0.27
27102,,0.05
41455,,0.16
52531,,0.12
63432,,0.11
MADOB7BIMA,,0.05
MADOMEL,,2.69
1094145,,0.3
1180,,0.27
1299,,0.2
158.1,,0.13
PA0010,,0.2698
1180,,0.27
1475,,0.27
763,,0.13
PA0010,,0.2698
1094145,,0.3
1299,,0.2
PA0010,,0.2698
1180,,0.27
1299,,0.2
1475,,0.27
763,,0.13
1094145,,0.3
1299,,0.2
1475,,0.27
PA0010,,0.2698
1094145,,0.3
1299,,0.2
1475,,0.27
158.1,,0.13
1180,,0.27
1299,,0.2
1475,,0.27
PA0010,,0.2698
1180,,0.27
1299,,0.2
1475,,0.27
763,,0.13
1094145,,0.3
1094145,,0.3
1180,,0.27
1180,,0.27
1299,,0.2
1299,,0.2
1299,,0.2
1475,,0.27
763,,0.13
PA0010,,0.2698
158.1,,0.13
158.1,,0.13
158.1,,0.13
158.1,,0.13
158.1,,0.13
158.1,,0.13
895767,,2.77
895767,,2.77
158.1,,0.13
MCAPRI2004,,12.36
MCAPRI2015,,14.0
0108,,0.31
1180,,0.27
27102,,0.05
41455,,0.16
52531,,0.12
895767,,2.77
MADOB7BIMA,,0.05
10530,,2.69
619205840061,,1.45
850773,,3.05
619205840061,,1.45
619205840061,,1.45
850773,,3.05
850773,,3.05
619205840061,,1.45
619205840061,,1.45
619205840061,,1.45
619205840061,,1.45
619205840061,,1.45
619205840061,,1.45
850773,,3.05
850773,,3.05
850773,,3.05
850773,,3.05
850773,,3.05
850773,,3.05
619205840061,,1.45
619205840061,,1.45
850773,,3.05
850773,,3.05
895767,,2.77
1180,,0.27
27102,,0.05
41455,,0.16
52531,,0.12
MADOB7BIMA,,0.05
PA0010,,0.2698
0108,,0.31
0108,,0.31
1180,,0.27
1180,,0.27
27102,,0.05
27102,,0.05
41455,,0.16
41455,,0.16
52531,,0.12
52531,,0.12
MADOB7BIMA,,0.05
MADOB7BIMA,,0.05
PA0010,,0.2698
PA0010,,0.2698
1180,,0.27
158.1,,0.13
41455,,0.16
52531,,0.12
1180,,0.27
158.1,,0.13
41455,,0.16
52531,,0.12
1180,,0.27
158.1,,0.13
41455,,0.16
52531,,0.12
1180,,0.27
41455,,0.16
52531,,0.12
1180,,0.27
41455,,0.16
52531,,0.12
1180,,0.27
41455,,0.16
52531,,0.12
850773,,3.05
895767,,2.77
850773,,3.05
895767,,2.77
850773,,3.05
895767,,2.77
850773,,3.05
895767,,2.77
119047,,0.318
119047,,0.318
1293944,,0.71
1293944,,0.71
45516,,0.42
45516,,0.42
52531,,0.12
52531,,0.12
63432,,0.11
63432,,0.11
1146851,,1.06
1146851,,1.06
50571,,0.19
50571,,0.19
573429,,0.05
573429,,0.05
763,,0.13
763,,0.13
MADOB7BIMA,,0.05
MADOB7BIMA,,0.05
1094145,,0.3
1094145,,0.3
171,,0.08
171,,0.08
64371,,0.09
64371,,0.09
1299,,0.2
1299,,0.2
45516,,0.42
45516,,0.42
583,,0.3114
583,,0.3114
64371,,0.09
64371,,0.09
PA0010,,0.2698
PA0010,,0.2698
1161830,,0.81
1161830,,0.81
37877,,0.73
37877,,0.73
63432,,0.11
63432,,0.11
119047,,0.318
119047,,0.318
64371,,0.09
64371,,0.09
MADOPIENRO,,0.2
MADOPIENRO,,0.2
619205840061,,1.45
619205840061,,1.45
850773,,3.05
895767,,2.77
MABRCJCSE_M,,7.57
MABRPEN,,1.8
619205840061,,1.45
850773,,3.05
895767,,2.77
MABRPEN,,1.8
922952,,3.86
FEST01,,0.94
ML-MLC,,1.3
918615,,3.39
918615,,3.39
918615,,3.39
918615,,3.39
918615,,3.39
FEST01,,0.94
ML-MLC,,1.3
619205840061,,1.45
ML-MLC,,1.3
908781,,7.57
FEST01,,0.94
ML-MLC,,1.3
FEST01,,0.94
619205840061,,1.45
921919,,9.68
922952,,3.86
FEST01,,0.94
922952,,3.86
922952,,3.86
FEST01,,0.94
619205840061,,1.45
FEST01,,0.94
ML-MLC,,1.3
619205840061,,1.45
850773,,3.05
895767,,2.77
922952,,3.86
FEST01,,0.94
ML-MLC,,1.3
1180,,0.27
1180,,0.27
1180,,0.27
158.1,,0.13
158.1,,0.13
158.1,,0.13
171,,0.08
171,,0.08
171,,0.08
52531,,0.12
52531,,0.12
52531,,0.12
63432,,0.11
63432,,0.11
63432,,0.11
MADOB7BIMA,,0.05
MADOB7BIMA,,0.05
MADOB7BIMA,,0.05
Frogball,,3.98
A702,,27.0
158.1,,0.13
1110593,,0.2
1110593,,0.2
1293944,,0.71
1293944,,0.71
158.1,,0.13
158.1,,0.13
41455,,0.16
41455,,0.16
573429,,0.05
573429,,0.05
1180,,0.27
1180,,0.27
27102,,0.05
27102,,0.05
37877,,0.73
37877,,0.73
41455,,0.16
41455,,0.16
573429,,0.05
573429,,0.05
1180,,0.27
1180,,0.27
37877,,0.73
37877,,0.73
49427,,0.45
49427,,0.45
52531,,0.12
52531,,0.12
573429,,0.05
573429,,0.05
1180,,0.27
1180,,0.27
1180,,0.27
1180,,0.27
1180,,0.27
27102,,0.05
27102,,0.05
27102,,0.05
27102,,0.05
27102,,0.05
41455,,0.16
41455,,0.16
41455,,0.16
41455,,0.16
41455,,0.16
52531,,0.12
52531,,0.12
52531,,0.12
52531,,0.12
52531,,0.12
573429,,0.05
573429,,0.05
573429,,0.05
573429,,0.05
573429,,0.05
MADOMEL,,2.69
MADOMEL,,2.69
MADOMEL,,2.69
MADOMEL,,2.69
MADOMEL,,2.69
0108,,0.31
1180,,0.27
27102,,0.05
41455,,0.16
573429,,0.05
158.1,,0.13
1180,,0.27
27102,,0.05
44903,,0.09
763,,0.13
1180,,0.27
1180,,0.27
27102,,0.05
27102,,0.05
37877,,0.73
37877,,0.73
41455,,0.16
41455,,0.16
573429,,0.05
573429,,0.05
1180,,0.27
27102,,0.05
37877,,0.73
41455,,0.16
49427,,0.45
158.1,,0.13
158.1,,0.13
158.1,,0.13
158.1,,0.13
1110593,,0.2
1110593,,0.2
1293944,,0.71
1293944,,0.71
158.1,,0.13
158.1,,0.13
41455,,0.16
41455,,0.16
49427,,0.45
49427,,0.45
573429,,0.05
573429,,0.05
158.1,,0.13
158.1,,0.13
1180,,0.27
1293944,,0.71
27102,,0.05
49427,,0.45
573429,,0.05
Transparente,,0.04
158.1,,0.13
158.1,,0.13
158.1,,0.13
158.1,,0.13
158.1,,0.13
158.1,,0.13
158.1,,0.13
1180,,0.27
1180,,0.27
1293944,,0.71
1293944,,0.71
27102,,0.05
27102,,0.05
49427,,0.45
49427,,0.45
52531,,0.12
52531,,0.12
573429,,0.05
573429,,0.05
158.1,,0.13
158.1,,0.13
158.1,,0.13
158.1,,0.13
158.1,,0.13
158.1,,0.13
158.1,,0.13
158.1,,0.13
158.1,,0.13
158.1,,0.13
158.1,,0.13
158.1,,0.13
158.1,,0.13
158.1,,0.13
158.1,,0.13
158.1,,0.13
158.1,,0.13
158.1,,0.13
158.1,,0.13
158.1,,0.13
158.1,,0.13
158.1,,0.13
158.1,,0.13
895767,,2.77
158.1,,0.13
895767,,2.77
895767,,2.77
158.1,,0.13
158.1,,0.13
895767,,2.77
895767,,2.77
895767,,2.77
158.1,,0.13
895767,,2.77
158.1,,0.13
895767,,2.77
158.1,,0.13
158.1,,0.13
158.1,,0.13
850773,,3.05
850773,,3.05
895767,,2.77
895767,,2.77
895767,,2.77
850773,,3.05
895767,,2.77
158.1,,0.13
158.1,,0.13
619205840061,,1.45
619205840061,,1.45
850773,,3.05
850773,,3.05
895767,,2.77
895767,,2.77
1180,,0.27
1180,,0.27
1180,,0.27
1180,,0.27
1180,,0.27
1180,,0.27
1180,,0.27
27102,,0.05
27102,,0.05
27102,,0.05
27102,,0.05
27102,,0.05
27102,,0.05
27102,,0.05
45516,,0.42
45516,,0.42
45516,,0.42
45516,,0.42
45516,,0.42
45516,,0.42
45516,,0.42
49427,,0.45
49427,,0.45
49427,,0.45
49427,,0.45
49427,,0.45
49427,,0.45
49427,,0.45
50571,,0.19
50571,,0.19
50571,,0.19
50571,,0.19
50571,,0.19
50571,,0.19
50571,,0.19
763,,0.13
763,,0.13
763,,0.13
763,,0.13
763,,0.13
763,,0.13
763,,0.13
Transparente,,0.04
Transparente,,0.04
Transparente,,0.04
Transparente,,0.04
Transparente,,0.04
Transparente,,0.04
Transparente,,0.04
158.1,,0.13
158.1,,0.13
158.1,,0.13
859650,,1.49
859650,,1.49
859650,,1.49
889590,,1.51
889590,,1.51
889590,,1.51
158.1,,0.13
158.1,,0.13
158.1,,0.13
158.1,,0.13
859650,,1.49
859650,,1.49
859650,,1.49
859650,,1.49
RJAP01038,,1.5
RJAP01038,,1.5
RJAP01038,,1.5
RJAP01038,,1.5
859650,,1.49
859650,,1.49
859650,,1.49
859650,,1.49
A008- BH200,,15.0
A008- BH200,,15.0
158.1,,0.13
158.1,,0.13
158.1,,0.13
158.1,,0.13
158.1,,0.13
158.1,,0.13
158.1,,0.13
158.1,,0.13
158.1,,0.13
Transparente,,0.04
Transparente,,0.04
Transparente,,0.04
Transparente,,0.04
Transparente,,0.04
Transparente,,0.04
Transparente,,0.04
Transparente,,0.04
158.1,,0.13
158.1,,0.13
158.1,,0.13
158.1,,0.13
1180,,0.27
1180,,0.27
1180,,0.27
1180,,0.27
1180,,0.27
158.1,,0.13
158.1,,0.13
158.1,,0.13
158.1,,0.13
158.1,,0.13
27102,,0.05
27102,,0.05
27102,,0.05
27102,,0.05
27102,,0.05
41455,,0.16
41455,,0.16
41455,,0.16
41455,,0.16
41455,,0.16
52531,,0.12
52531,,0.12
52531,,0.12
52531,,0.12
52531,,0.12
1180,,0.27
1180,,0.27
1180,,0.27
1180,,0.27
1180,,0.27
1180,,0.27
158.1,,0.13
158.1,,0.13
158.1,,0.13
158.1,,0.13
158.1,,0.13
158.1,,0.13
27102,,0.05
27102,,0.05
27102,,0.05
27102,,0.05
27102,,0.05
27102,,0.05
41455,,0.16
41455,,0.16
41455,,0.16
41455,,0.16
41455,,0.16
41455,,0.16
52531,,0.12
52531,,0.12
52531,,0.12
52531,,0.12
52531,,0.12
52531,,0.12
1180,,0.27
1180,,0.27
1180,,0.27
158.1,,0.13
158.1,,0.13
158.1,,0.13
27102,,0.05
27102,,0.05
27102,,0.05
41455,,0.16
41455,,0.16
41455,,0.16
52531,,0.12
52531,,0.12
52531,,0.12
Transparente,,0.04
Transparente,,0.04
Transparente,,0.04
MABRDO,,20.0
MABRDO,,20.0
MACAKITBAR,,6.9
MACAKITBAR,,6.9
JY 1098,,2.02
158.1,,0.13
158.1,,0.13
MAMBASMV,,0.19
MAMBTTMV,,0.22
A092,,1.5
A782,,10.0
MAANZCH5G,,1.0
MAISCSRH,,0.5
MAPEAL125JH,,9.0
MAVPGL30JH,,21.0
1180,,0.27
1293944,,0.71
1551,,0.4103
41455,,0.16
889590,,1.51
MABRPC,,1.51
158.1,,0.13
MAFECHAZ,,3.5
158.1,,0.13
158.1,,0.13
158.1,,0.13
158.1,,0.13
158.1,,0.13
158.1,,0.13
889590,,1.51
158.1,,0.13
158.1,,0.13
27102,,0.05
37877,,0.73
49427,,0.45
MADOB7BIMA,,0.05
158.1,,0.13
27102,,0.05
49427,,0.45
158.1,,0.13
0108,,0.31
0108,,0.31
0108,,0.31
119047,,0.318
119047,,0.318
119047,,0.318
41455,,0.16
41455,,0.16
41455,,0.16
44903,,0.09
44903,,0.09
44903,,0.09
49427,,0.45
49427,,0.45
49427,,0.45
50571,,0.19
50571,,0.19
50571,,0.19
27102,,0.05
27102,,0.05
41455,,0.16
41455,,0.16
44903,,0.09
44903,,0.09
50571,,0.19
50571,,0.19
158.1,,0.13
A017,,55.0
A019,,65.0
0108,,0.31
158.1,,0.13
27102,,0.05
41455,,0.16
44903,,0.09
889590,,1.51
158.1,,0.13
158.1,,0.13
158.1,,0.13
158.1,,0.13
158.1,,0.13
1180,,0.27
1180,,0.27
27102,,0.05
27102,,0.05
37877,,0.73
37877,,0.73
41455,,0.16
41455,,0.16
49427,,0.45
49427,,0.45
0108,,0.31
1180,,0.27
27102,,0.05
37877,,0.73
Transparente,,0.04
158.1,,0.13
158.1,,0.13
A008- BH200,,15.0
A132T,,30.0
A190,,2.0
MAPEAL125JH,,9.0
MAPECHA,,10.0
MAPEISMI1C,,0.08
MAPEMAPE,,2.69
MAVMP21JH,,12.6
158.1,,0.13
Transparente,,0.04
158.1,,0.13
889590,,1.51
37877,,0.73
49427,,0.45
158.1,,0.13
889590,,1.51
1180,,0.27
1180,,0.27
27102,,0.05
27102,,0.05
41455,,0.16
41455,,0.16
50571,,0.19
50571,,0.19
52531,,0.12
52531,,0.12
1180,,0.27
1180,,0.27
171,,0.08
171,,0.08
27102,,0.05
27102,,0.05
41455,,0.16
41455,,0.16
52531,,0.12
52531,,0.12
63432,,0.11
63432,,0.11
MADOB7BIMA,,0.05
MADOB7BIMA,,0.05
158.1,,0.13
37877,,0.73
889590,,1.51
158.1,,0.13
0108,,0.31
0108,,0.31
1180,,0.27
1180,,0.27
158.1,,0.13
158.1,,0.13
171,,0.08
171,,0.08
41455,,0.16
41455,,0.16
MABRPC,,1.51
MABRPC,,1.51
A008- BH200,,15.0
A008- BH200,,15.0
A008- BH200,,15.0
MAVMC27JH,,16.2
MAVMC27JH,,16.2
MAVMC27JH,,16.2
619205840061,,1.45
859650,,1.49
889590,,1.51
158.1,,0.13
27102,,0.05
44903,,0.09
52531,,0.12
158.1,,0.13
158.1,,0.13
RJAP01038,,1.5
158.1,,0.13
158.1,,0.13
44903,,0.09
49427,,0.45
63432,,0.11
158.1,,0.13
A051,,11.0
A172(A470),,18.0
A782,,10.0
158.1,,0.13
158.1,,0.13
714337,,0.4
ZR0380,,10.0
A008- BH200,,15.0
158.1,,0.13
41455,,0.16
PA0010,,0.2698
171,,0.08
718522,,0.07
158.1,,0.13
1180,,0.27
1180,,0.27
171,,0.08
171,,0.08
27102,,0.05
27102,,0.05
41455,,0.16
41455,,0.16
44903,,0.09
44903,,0.09
52531,,0.12
52531,,0.12
MADOB7BIMA,,0.05
MADOB7BIMA,,0.05
1180,,0.27
171,,0.08
27102,,0.05
41455,,0.16
44903,,0.09
MADOB7BIMA,,0.05
44903,,0.09
52531,,0.12
64371,,0.09
MADOB7BIMA,,0.05
XU-1,,0.21
27102,,0.05
50941,,0.11
63432,,0.11
718522,,0.07
41455,,0.16
0108,,0.31
158.1,,0.13
171,,0.08
52531,,0.12
63432,,0.11
MADOB7BIMA,,0.05
158.1,,0.13
171,,0.08
27102,,0.05
52531,,0.12
Transparente,,0.04
37877,,0.73
Transparente,,0.04
27102,,0.05
44903,,0.09
52531,,0.12
MCAPRI2006,,14.64
158.1,,0.13
158.1,,0.13
158.1,,0.13
171,,0.08
171,,0.08
171,,0.08
27102,,0.05
27102,,0.05
27102,,0.05
52531,,0.12
52531,,0.12
52531,,0.12
889590,,1.51
889590,,1.51
889590,,1.51
MCAPRI2006,,14.64
44903,,0.09
44903,,0.09
44903,,0.09
44903,,0.09
50941,,0.11
50941,,0.11
50941,,0.11
50941,,0.11
52531,,0.12
52531,,0.12
52531,,0.12
52531,,0.12
718522,,0.07
718522,,0.07
718522,,0.07
718522,,0.07
158.1,,0.13
158.1,,0.13
Transparente,,0.04
158.1,,0.13
889590,,1.51
119047,,0.318
27102,,0.05
37877,,0.73
49427,,0.45
1180,,0.27
158.1,,0.13
41455,,0.16
52531,,0.12
64371,,0.09
Transparente,,0.04
MAISCASIJH,,8.0
MAISCASIJH,,8.0
158.1,,0.13
158.1,,0.13
158.1,,0.13
158.1,,0.13
158.1,,0.13
7898056628216,,0.4
7898056628216,,0.4
7898056628216,,0.4
7898056628216,,0.4
158.1,,0.13
171,,0.08
27102,,0.05
52531,,0.12
64371,,0.09
Transparente,,0.04
MABRPC,,1.51
1180,,0.27
158.1,,0.13
27102,,0.05
41455,,0.16
52531,,0.12
Transparente,,0.04
158.1,,0.13
49427,,0.45
52531,,0.12
583,,0.3114
MADOB7BIMA,,0.05
158.1,,0.13
MABRPC,,1.51
807909,,0.61
807909,,0.61
807909,,0.61
807909,,0.61
807909,,0.61
0108,,0.31
1180,,0.27
171,,0.08
27102,,0.05
41455,,0.16
52531,,0.12
63432,,0.11
MADOB7BIMA,,0.05
158.1,,0.13
171,,0.08
27102,,0.05
41455,,0.16
52531,,0.12
63432,,0.11
MADOB7BIMA,,0.05
158.1,,0.13
1180,,0.27
1293944,,0.71
49427,,0.45
573429,,0.05
763,,0.13
158.1,,0.13
1180,,0.27
1180,,0.27
171,,0.08
171,,0.08
27102,,0.05
27102,,0.05
41455,,0.16
41455,,0.16
52531,,0.12
52531,,0.12
63432,,0.11
63432,,0.11
MADOB7BIMA,,0.05
MADOB7BIMA,,0.05
MAPEISAPOJH,,5.0
MAPEISAPOJH,,5.0
A190,,2.0
A051,,11.0
MAPECHA,,10.0
A132T,,30.0
A132T,,30.0
889590,,1.51
890861,,1.25
MABRRAP,,8.0
619205840061,,1.45
859650,,1.49
889590,,1.51
890861,,1.25
MABRDOT,,2.69
MABRPC,,1.51
RJAP01038,,1.5
A190,,2.0
890861,,1.25
890861,,1.25
MAPEISMI1C,,0.08
MAPEISMI1C,,0.08
A036,,9.0
619205840061,,1.45
619205840061,,1.45
859650,,1.49
859650,,1.49
889590,,1.51
889590,,1.51
MABRDOT,,2.69
MABRDOT,,2.69
RJAP01038,,1.5
RJAP01038,,1.5
MABRPC,,1.51
158.1,,0.13
158.1,,0.13
158.1,,0.13
1180,,0.27
1180,,0.27
1180,,0.27
1180,,0.27
1475,,0.27
1475,,0.27
1475,,0.27
1475,,0.27
1551,,0.4103
1551,,0.4103
1551,,0.4103
1551,,0.4103
52531,,0.12
52531,,0.12
52531,,0.12
52531,,0.12
859650,,1.49
859650,,1.49
859650,,1.49
859650,,1.49
889590,,1.51
889590,,1.51
889590,,1.51
889590,,1.51
MADOB7BIMA,,0.05
MADOB7BIMA,,0.05
MADOB7BIMA,,0.05
MADOB7BIMA,,0.05
RJAP01038,,1.5
RJAP01038,,1.5
RJAP01038,,1.5
RJAP01038,,1.5
0108,,0.31
0108,,0.31
1180,,0.27
1180,,0.27
1475,,0.27
1475,,0.27
1551,,0.4103
1551,,0.4103
158.1,,0.13
158.1,,0.13
52531,,0.12
52531,,0.12
MADOB7BIMA,,0.05
MADOB7BIMA,,0.05
859650,,1.49
889590,,1.51
RJAP01038,,1.5
158.1,,0.13
JY 1098,,2.02
890861,,1.25
859650,,1.49
158.1,,0.13
859650,,1.49
889590,,1.51
MAMBASMV,,0.19
158.1,,0.13
158.1,,0.13
158.1,,0.13
RJAP01038,,1.5
RJAP01038,,1.5
RJAP01038,,1.5
158.1,,0.13
859650,,1.49
889590,,1.51
A018,,60.0
A014,,40.0
A014,,40.0
10530,,2.69
10530,,2.69
619205840061,,1.45
619205840061,,1.45
889590,,1.51
889590,,1.51
7898047010020,,0.05
7898047010020,,0.05
7898047010020,,0.05
7898047010020,,0.05
7898047010020,,0.05
MAPEB12C,,57.0
MAPEUVC,,25.0
158.1,,0.13
158.1,,0.13
158.1,,0.13
158.1,,0.13
1180,,0.27
27102,,0.05
45516,,0.42
49427,,0.45
50571,,0.19
763,,0.13
Transparente,,0.04
1180,,0.27
1551,,0.4103
27102,,0.05
39216,,8.99
619205840061,,1.45
889590,,1.51
RJAP01038,,1.5
A008- BH200,,15.0
A008- BH200,,15.0
A008- BH200,,15.0
A008- BH200,,15.0
A008- BH200,,15.0
MABRPC,,1.51
JY 1098,,2.02
158.1,,0.13
JY 1098,,2.02
JY 1098,,2.02
JY 1098,,2.02
158.1,,0.13
158.1,,0.13
158.1,,0.13
158.1,,0.13
A010,,31.5
MAPEAL125JH,,9.0
MAPEALBC,,36.0
MACALI7,,16.0
MACALI7,,16.0
MAESCORG3,,16.0
MAESCORG3,,16.0
619205840061,,1.45
619205840061,,1.45
619205840061,,1.45
7898047010020,,0.05
7898047010020,,0.05
7898047010020,,0.05
889590,,1.51
889590,,1.51
889590,,1.51
MABRPC,,1.51
MABRPC,,1.51
MABRPC,,1.51
RJAP01038,,1.5
RJAP01038,,1.5
RJAP01038,,1.5
10530,,2.69
10530,,2.69
10530,,2.69
10530,,2.69
10530,,2.69
619205840061,,1.45
619205840061,,1.45
619205840061,,1.45
619205840061,,1.45
619205840061,,1.45
7898047010020,,0.05
7898047010020,,0.05
7898047010020,,0.05
7898047010020,,0.05
7898047010020,,0.05
859650,,1.49
859650,,1.49
859650,,1.49
859650,,1.49
859650,,1.49
889590,,1.51
889590,,1.51
889590,,1.51
889590,,1.51
889590,,1.51
MABRPC,,1.51
MABRPC,,1.51
MABRPC,,1.51
MABRPC,,1.51
MABRPC,,1.51
RJAP01038,,1.5
RJAP01038,,1.5
RJAP01038,,1.5
RJAP01038,,1.5
RJAP01038,,1.5
30519,,2.58
619205840061,,1.45
859650,,1.49
889590,,1.51
MABRPC,,1.51
XU-1,,0.21
10530,,2.69
10530,,2.69
10530,,2.69
30519,,2.58
30519,,2.58
30519,,2.58
619205840061,,1.45
619205840061,,1.45
619205840061,,1.45
859650,,1.49
859650,,1.49
859650,,1.49
889590,,1.51
889590,,1.51
889590,,1.51
MABRPC,,1.51
MABRPC,,1.51
MABRPC,,1.51
MAMBDIMV,,0.4
MAMBDIMV,,0.4
MAMBDIMV,,0.4
MAMBDVMV,,0.12
MAMBDVMV,,0.12
MAMBDVMV,,0.12
RJAP01038,,1.5
RJAP01038,,1.5
RJAP01038,,1.5
619205840061,,1.45
859650,,1.49
889590,,1.51
MABRPC,,1.51
RJAP01038,,1.5
10530,,2.69
619205840061,,1.45
859650,,1.49
RJAP01038,,1.5
619205840061,,1.45
859650,,1.49
889590,,1.51
RJAP01038,,1.5
619205840061,,1.45
859650,,1.49
889590,,1.51
RJAP01038,,1.5
619205840061,,1.45
619205840061,,1.45
859650,,1.49
859650,,1.49
889590,,1.51
889590,,1.51
MABRPC,,1.51
MABRPC,,1.51
619205840061,,1.45
859650,,1.49
889590,,1.51
MABRPC,,1.51
619205840061,,1.45
619205840061,,1.45
850773,,3.05
850773,,3.05
895767,,2.77
895767,,2.77
859650,,1.49
859650,,1.49
859650,,1.49
889590,,1.51
889590,,1.51
889590,,1.51
MABRPC,,1.51
MABRPC,,1.51
MABRPC,,1.51
859650,,1.49
859650,,1.49
859650,,1.49
859650,,1.49
889590,,1.51
889590,,1.51
889590,,1.51
889590,,1.51
MABRPC,,1.51
MABRPC,,1.51
MABRPC,,1.51
MABRPC,,1.51
10530,,2.69
10530,,2.69
619205840061,,1.45
619205840061,,1.45
10530,,2.69
619205840061,,1.45
619205840061,,1.45
889590,,1.51
30519,,2.58
30519,,2.58
MABRBPR,,2.98
MABRBPR,,2.98
MABRRA,,2.64
MABRRA,,2.64
MABRVAI,,3.2
MABRVAI,,3.2
A009-GM3000,,30.0
A009-GM3000,,30.0
A702,,27.0
A702,,27.0
MABRPC,,1.51
MABRPC,,1.51
MABRPC,,1.51
MABRPC,,1.51
MABRPC,,1.51
MABRPC,,1.51
MABRPC,,1.51
MABRPC,,1.51
MABRPC,,1.51
MABRPC,,1.51
619205840061,,1.45
850773,,3.05
850773,,3.05
850773,,3.05
850773,,3.05
850773,,3.05
A171,,16.0
MAPEMAPE,,2.69
A298,,20.0
A132T,,30.0
A132T,,30.0
A132T,,30.0
A132T,,30.0
A298,,20.0
A298,,20.0
A298,,20.0
A298,,20.0
A705,,18.0
MAPEISAPOJH,,5.0
MAPEISRATJH,,6.0
A171,,16.0
A171,,16.0
A171,,16.0
A171,,16.0
MAPEMAPE,,2.69
MAPEMAPE,,2.69
MAPEMAPE,,2.69
MAPEMAPE,,2.69
A008- BH200,,15.0
MAVMP18JH,,10.0
A014,,40.0
A019,,65.0
MAVUL21JH,,25.2
A190,,2.0
A190,,2.0
ZR0380,,10.0
A171,,16.0
A171,,16.0
A171,,16.0
XU-1,,0.21
MABCARCOWEL,,0.58
MABCARCOWEL,,0.58
MABSBOXWEL,,21.81
JY 1098,,2.02
JY 1098,,2.02
JY 1098,,2.02
7898047010020,,0.05
895767,,2.77
FEST01,,0.94
FEST01,,0.94
FEST01,,0.94
FEST01,,0.94
FEST01,,0.94
FEST01,,0.94
FEST01,,0.94
FEST01,,0.94
859650,,1.49
859650,,1.49
859650,,1.49
859650,,1.49
859650,,1.49
859650,,1.49
859650,,1.49
859650,,1.49
859650,,1.49
FEST01,,0.94
FEST01,,0.94
859650,,1.49
7898056628216,,0.4
RJAP01038,,1.5
RJAP01039,,2.24
RJAP01039,,2.24
27102,,0.05
63432,,0.11
64371,,0.09
MADOB7BIMA,,0.05
0108,,0.31
1180,,0.27
1475,,0.27
27102,,0.05
39216,,8.99
49427,,0.45
52531,,0.12
A009-GM3000,,30.0
A009-GM3000,,30.0
A009-GM3000,,30.0
A009-GM3000,,30.0
MAVM2P180C,,23.4
MAVM2P180C,,23.4
MAVM2P180C,,23.4
MAVM2P180C,,23.4
158.1,,0.13
158.1,,0.13
158.1,,0.13
158.1,,0.13
158.1,,0.13
158.1,,0.13
MACAES175JH,,13.0
MCAPRI2004,,12.36
MCAPRI2004,,12.36
MCAPRI2015,,14.0
MCAPRI2015,,14.0
1180,,0.27
1299,,0.2
583,,0.3114
64371,,0.09
1180,,0.27
41455,,0.16
50571,,0.19
1180,,0.27
1180,,0.27
41455,,0.16
41455,,0.16
50571,,0.19
50571,,0.19
1180,,0.27
1180,,0.27
41455,,0.16
41455,,0.16
50571,,0.19
50571,,0.19
0108,,0.31
0108,,0.31
0108,,0.31
0108,,0.31
0108,,0.31
41455,,0.16
41455,,0.16
41455,,0.16
41455,,0.16
41455,,0.16
44903,,0.09
44903,,0.09
44903,,0.09
44903,,0.09
44903,,0.09
50571,,0.19
50571,,0.19
50571,,0.19
50571,,0.19
50571,,0.19
0108,,0.31
0108,,0.31
41455,,0.16
41455,,0.16
44903,,0.09
44903,,0.09
MADO155CMD,,0.41
MADO155CMD,,0.41
1180,,0.27
1180,,0.27
1299,,0.2
1299,,0.2
50941,,0.11
50941,,0.11
583,,0.3114
583,,0.3114
1180,,0.27
1180,,0.27
583,,0.3114
583,,0.3114
MADO413CMD,,4.7
MADO413CMD,,4.7
0108,,0.31
0108,,0.31
0108,,0.31
171,,0.08
171,,0.08
171,,0.08
41455,,0.16
41455,,0.16
41455,,0.16
49427,,0.45
49427,,0.45
49427,,0.45
0108,,0.31
0108,,0.31
1180,,0.27
1180,,0.27
27102,,0.05
27102,,0.05
41455,,0.16
41455,,0.16
1180,,0.27
50571,,0.19
52531,,0.12
583,,0.3114
1180,,0.27
1180,,0.27
158.1,,0.13
158.1,,0.13
41455,,0.16
41455,,0.16
49427,,0.45
49427,,0.45
1180,,0.27
1180,,0.27
158.1,,0.13
158.1,,0.13
41455,,0.16
41455,,0.16
49427,,0.45
49427,,0.45
1180,,0.27
1180,,0.27
158.1,,0.13
158.1,,0.13
41455,,0.16
41455,,0.16
49427,,0.45
49427,,0.45
0108,,0.31
0108,,0.31
1180,,0.27
1180,,0.27
1299,,0.2
1299,,0.2
50941,,0.11
50941,,0.11
0108,,0.31
0108,,0.31
1180,,0.27
1180,,0.27
1299,,0.2
1299,,0.2
MADO413CMD,,4.7
MADO413CMD,,4.7
0108,,0.31
1180,,0.27
37877,,0.73
41455,,0.16
64371,,0.09
Transparente,,0.04
1180,,0.27
1180,,0.27
1180,,0.27
1551,,0.4103
1551,,0.4103
1551,,0.4103
37877,,0.73
37877,,0.73
37877,,0.73
41455,,0.16
41455,,0.16
41455,,0.16
1180,,0.27
37877,,0.73
50941,,0.11
1180,,0.27
1551,,0.4103
37877,,0.73
49427,,0.45
1180,,0.27
41455,,0.16
49427,,0.45
1180,,0.27
37877,,0.73
41455,,0.16
49427,,0.45
Transparente,,0.04
1180,,0.27
1551,,0.4103
37877,,0.73
41455,,0.16
1180,,0.27
1551,,0.4103
37877,,0.73
41455,,0.16
0108,,0.31
0108,,0.31
0108,,0.31
1180,,0.27
1180,,0.27
1180,,0.27
1293944,,0.71
1293944,,0.71
1293944,,0.71
41455,,0.16
41455,,0.16
41455,,0.16
64371,,0.09
64371,,0.09
64371,,0.09
0108,,0.31
0108,,0.31
0108,,0.31
1180,,0.27
1180,,0.27
1180,,0.27
1293944,,0.71
1293944,,0.71
1293944,,0.71
41455,,0.16
41455,,0.16
41455,,0.16
64371,,0.09
64371,,0.09
64371,,0.09
0108,,0.31
1180,,0.27
37877,,0.73
41455,,0.16
64371,,0.09
Transparente,,0.04
0108,,0.31
0108,,0.31
1180,,0.27
1180,,0.27
1293944,,0.71
1293944,,0.71
41455,,0.16
41455,,0.16
64371,,0.09
64371,,0.09
1180,,0.27
37877,,0.73
50941,,0.11
1180,,0.27
37877,,0.73
50941,,0.11
1180,,0.27
1180,,0.27
37877,,0.73
37877,,0.73
50941,,0.11
50941,,0.11
1180,,0.27
1551,,0.4103
37877,,0.73
49427,,0.45
1180,,0.27
1551,,0.4103
37877,,0.73
49427,,0.45
0108,,0.31
0108,,0.31
41455,,0.16
41455,,0.16
44903,,0.09
44903,,0.09
50571,,0.19
50571,,0.19
0108,,0.31
0108,,0.31
41455,,0.16
41455,,0.16
44903,,0.09
44903,,0.09
50571,,0.19
50571,,0.19
0108,,0.31
41455,,0.16
44903,,0.09
50571,,0.19
1180,,0.27
41455,,0.16
49427,,0.45
1180,,0.27
41455,,0.16
49427,,0.45
1180,,0.27
41455,,0.16
49427,,0.45
1180,,0.27
41455,,0.16
49427,,0.45
1180,,0.27
41455,,0.16
49427,,0.45
1180,,0.27
37877,,0.73
41455,,0.16
49427,,0.45
1180,,0.27
1180,,0.27
1180,,0.27
1180,,0.27
1180,,0.27
37877,,0.73
37877,,0.73
37877,,0.73
37877,,0.73
37877,,0.73
41455,,0.16
41455,,0.16
41455,,0.16
41455,,0.16
41455,,0.16
49427,,0.45
49427,,0.45
49427,,0.45
49427,,0.45
49427,,0.45
1180,,0.27
37877,,0.73
41455,,0.16
49427,,0.45
1180,,0.27
1180,,0.27
37877,,0.73
37877,,0.73
41455,,0.16
41455,,0.16
49427,,0.45
49427,,0.45
1180,,0.27
1180,,0.27
41455,,0.16
41455,,0.16
49427,,0.45
49427,,0.45
1180,,0.27
41455,,0.16
49427,,0.45
Transparente,,0.04
1180,,0.27
1180,,0.27
41455,,0.16
41455,,0.16
49427,,0.45
49427,,0.45
1180,,0.27
41455,,0.16
49427,,0.45
Transparente,,0.04
1180,,0.27
1180,,0.27
41455,,0.16
41455,,0.16
49427,,0.45
49427,,0.45
Transparente,,0.04
Transparente,,0.04
1180,,0.27
41455,,0.16
49427,,0.45
Transparente,,0.04
0108,,0.31
0108,,0.31
41455,,0.16
41455,,0.16
49427,,0.45
49427,,0.45
PA0010,,0.2698
PA0010,,0.2698
0108,,0.31
41455,,0.16
49427,,0.45
PA0010,,0.2698
0108,,0.31
0108,,0.31
0108,,0.31
1299,,0.2
1299,,0.2
1299,,0.2
41455,,0.16
41455,,0.16
41455,,0.16
49427,,0.45
49427,,0.45
49427,,0.45
PA0010,,0.2698
PA0010,,0.2698
PA0010,,0.2698
0108,,0.31
41455,,0.16
49427,,0.45
PA0010,,0.2698
0108,,0.31
41455,,0.16
49427,,0.45
PA0010,,0.2698
0108,,0.31
41455,,0.16
49427,,0.45
PA0010,,0.2698
119047,,0.318
27102,,0.05
49427,,0.45
763,,0.13
Transparente,,0.04
119047,,0.318
27102,,0.05
49427,,0.45
763,,0.13
Transparente,,0.04
119047,,0.318
27102,,0.05
49427,,0.45
763,,0.13
Transparente,,0.04
119047,,0.318
27102,,0.05
49427,,0.45
763,,0.13
Transparente,,0.04
1180,,0.27
1551,,0.4103
37877,,0.73
41455,,0.16
1180,,0.27
1551,,0.4103
37877,,0.73
41455,,0.16
1180,,0.27
1551,,0.4103
37877,,0.73
41455,,0.16
1180,,0.27
27102,,0.05
MADOB7BIMA,,0.05
1180,,0.27
27102,,0.05
MADOB7BIMA,,0.05
1180,,0.27
27102,,0.05
MADOB7BIMA,,0.05
1180,,0.27
27102,,0.05
MADOB7BIMA,,0.05
1551,,0.4103
1551,,0.4103
49427,,0.45
49427,,0.45
MADOB7BIMA,,0.05
MADOB7BIMA,,0.05
1551,,0.4103
1551,,0.4103
1551,,0.4103
49427,,0.45
49427,,0.45
49427,,0.45
MADOB7BIMA,,0.05
MADOB7BIMA,,0.05
MADOB7BIMA,,0.05
Transparente,,0.04
Transparente,,0.04
Transparente,,0.04
1551,,0.4103
49427,,0.45
MADOB7BIMA,,0.05
Transparente,,0.04
1551,,0.4103
49427,,0.45
MADOB7BIMA,,0.05
Transparente,,0.04
1180,,0.27
119047,,0.318
1551,,0.4103
49427,,0.45
64371,,0.09
Transparente,,0.04
1180,,0.27
119047,,0.318
1551,,0.4103
49427,,0.45
64371,,0.09
Transparente,,0.04
1180,,0.27
119047,,0.318
1551,,0.4103
49427,,0.45
64371,,0.09
Transparente,,0.04
1180,,0.27
119047,,0.318
1551,,0.4103
49427,,0.45
64371,,0.09
Transparente,,0.04
37877,,0.73
41455,,0.16
64371,,0.09
MADOB7BIMA,,0.05
Transparente,,0.04
37877,,0.73
37877,,0.73
41455,,0.16
41455,,0.16
64371,,0.09
64371,,0.09
MADOB7BIMA,,0.05
MADOB7BIMA,,0.05
Transparente,,0.04
Transparente,,0.04
37877,,0.73
41455,,0.16
64371,,0.09
MADOB7BIMA,,0.05
Transparente,,0.04
37877,,0.73
41455,,0.16
64371,,0.09
MADOB7BIMA,,0.05
Transparente,,0.04
1180,,0.27
1180,,0.27
1551,,0.4103
1551,,0.4103
27102,,0.05
27102,,0.05
41455,,0.16
41455,,0.16
49427,,0.45
49427,,0.45
763,,0.13
763,,0.13
Transparente,,0.04
Transparente,,0.04
1180,,0.27
1551,,0.4103
27102,,0.05
41455,,0.16
49427,,0.45
763,,0.13
Transparente,,0.04
1180,,0.27
1180,,0.27
1551,,0.4103
1551,,0.4103
27102,,0.05
27102,,0.05
41455,,0.16
41455,,0.16
49427,,0.45
49427,,0.45
763,,0.13
763,,0.13
Transparente,,0.04
Transparente,,0.04
1180,,0.27
1551,,0.4103
27102,,0.05
41455,,0.16
49427,,0.45
763,,0.13
Transparente,,0.04
1180,,0.27
1551,,0.4103
27102,,0.05
41455,,0.16
49427,,0.45
763,,0.13
Transparente,,0.04
119047,,0.318
49427,,0.45
MADOB7BIMA,,0.05
1180,,0.27
1180,,0.27
49427,,0.45
49427,,0.45
52531,,0.12
52531,,0.12
MADOB7BIMA,,0.05
MADOB7BIMA,,0.05
0108,,0.31
0108,,0.31
0108,,0.31
1180,,0.27
1180,,0.27
1180,,0.27
37877,,0.73
37877,,0.73
37877,,0.73
41455,,0.16
41455,,0.16
41455,,0.16
64371,,0.09
64371,,0.09
64371,,0.09
Transparente,,0.04
Transparente,,0.04
Transparente,,0.04
MCAPRI2004,,12.36
MCAPRI2004,,12.36
MCAPRI2004,,12.36
MCAPRI2004,,12.36
MCAPRI2015,,14.0
MCAPRI2015,,14.0
MCAPRI2015,,14.0
MCAPRI2007,,1.15
1180,,0.27
27102,,0.05
37877,,0.73
41455,,0.16
49427,,0.45
1180,,0.27
1180,,0.27
27102,,0.05
27102,,0.05
41455,,0.16
41455,,0.16
49427,,0.45
49427,,0.45
1180,,0.27
1180,,0.27
1180,,0.27
1180,,0.27
171,,0.08
171,,0.08
171,,0.08
171,,0.08
27102,,0.05
27102,,0.05
27102,,0.05
27102,,0.05
Transparente,,0.04
Transparente,,0.04
Transparente,,0.04
Transparente,,0.04
1180,,0.27
1551,,0.4103
27102,,0.05
41455,,0.16
49427,,0.45
52531,,0.12
1180,,0.27
1180,,0.27
1180,,0.27
1180,,0.27
27102,,0.05
27102,,0.05
27102,,0.05
27102,,0.05
41455,,0.16
41455,,0.16
41455,,0.16
41455,,0.16
49427,,0.45
49427,,0.45
49427,,0.45
49427,,0.45
1180,,0.27
1180,,0.27
1180,,0.27
171,,0.08
171,,0.08
171,,0.08
27102,,0.05
27102,,0.05
27102,,0.05
41455,,0.16
41455,,0.16
41455,,0.16
52531,,0.12
52531,,0.12
52531,,0.12
63432,,0.11
63432,,0.11
63432,,0.11
MADOB7BIMA,,0.05
MADOB7BIMA,,0.05
MADOB7BIMA,,0.05
0108,,0.31
49427,,0.45
763,,0.13
Transparente,,0.04
0108,,0.31
0108,,0.31
0108,,0.31
1551,,0.4103
1551,,0.4103
1551,,0.4103
41455,,0.16
41455,,0.16
41455,,0.16
49427,,0.45
49427,,0.45
49427,,0.45
MCAPRI2006,,14.64
MCAPRI2006,,14.64
MCAPRI2006,,14.64
Transparente,,0.04
Transparente,,0.04
Transparente,,0.04
27102,,0.05
41455,,0.16
49427,,0.45
Transparente,,0.04
158.1,,0.13
158.1,,0.13
158.1,,0.13
171,,0.08
171,,0.08
171,,0.08
52531,,0.12
52531,,0.12
52531,,0.12
Transparente,,0.04
Transparente,,0.04
Transparente,,0.04
27102,,0.05
27102,,0.05
27102,,0.05
27102,,0.05
41455,,0.16
41455,,0.16
41455,,0.16
41455,,0.16
52531,,0.12
52531,,0.12
52531,,0.12
52531,,0.12
1180,,0.27
171,,0.08
27102,,0.05
41455,,0.16
44903,,0.09
52531,,0.12
63432,,0.11
MADOB7BIMA,,0.05
1180,,0.27
27102,,0.05
52531,,0.12
1180,,0.27
1180,,0.27
1180,,0.27
0108,,0.31
0108,,0.31
0108,,0.31
1180,,0.27
64338,,0.61
Transparente,,0.04
1180,,0.27
1293944,,0.71
49427,,0.45
573429,,0.05
763,,0.13
1180,,0.27
1180,,0.27
27102,,0.05
27102,,0.05
41455,,0.16
41455,,0.16
63432,,0.11
63432,,0.11
0108,,0.31
1180,,0.27
37877,,0.73
A132T,,30.0
A132T,,30.0
A171,,16.0
A171,,16.0
A172(A470),,18.0
A172(A470),,18.0
MAPESPRJ,,6.0
1103098,,2.32
1103098,,2.32
1231991,,1.69
1231991,,1.69
50571,,0.19
50571,,0.19
1091069,,2.39
1091069,,2.39
1231311,,2.19
1231311,,2.19
1253924,,1.69
1253924,,1.69
52531,,0.12
52531,,0.12
1178661,,1.04
1178661,,1.04
50571,,0.19
50571,,0.19
1103098,,2.32
1103098,,2.32
1188172,,1.39
1188172,,1.39
50571,,0.19
50571,,0.19
1259650,,1.59
1259650,,1.59
1268492,,1.23
1268492,,1.23
1475,,0.27
1475,,0.27
148V,,1.49
148V,,1.49
1103098,,2.32
1103098,,2.32
1153774,,1.49
1153774,,1.49
1247725,,2.29
1247725,,2.29
1091069,,2.39
1091069,,2.39
1103098,,2.32
1103098,,2.32
1178661,,1.04
1178661,,1.04
1188172,,1.39
1188172,,1.39
1231311,,2.19
1231311,,2.19
1231991,,1.69
1231991,,1.69
1253924,,1.69
1253924,,1.69
1268492,,1.23
1268492,,1.23
1309546,,0.99
1309546,,0.99
1475,,0.27
1475,,0.27
148V,,1.49
148V,,1.49
50571,,0.19
50571,,0.19
0108,,0.31
1103098,,2.32
1177978,,1.89
1190809,,2.89
1199857,,1.59
1231946,,1.79
1259711,,1.99
1268492,,1.23
1268768,,2.29
1285598,,1.69
1293944,,0.71
1309522,,0.99
1475,,0.27
148V,,1.49
763,,0.13
934800,,1.85
969314,,2.69
1091069,,2.39
1103098,,2.32
1178661,,1.04
1188172,,1.39
1231311,,2.19
1231991,,1.69
1253924,,1.69
1268492,,1.23
1309546,,0.99
1475,,0.27
148V,,1.49
50571,,0.19
1091069,,2.39
1091069,,2.39
1103098,,2.32
1103098,,2.32
1178661,,1.04
1178661,,1.04
1188172,,1.39
1188172,,1.39
1231311,,2.19
1231311,,2.19
1231991,,1.69
1231991,,1.69
1253924,,1.69
1253924,,1.69
1268492,,1.23
1268492,,1.23
1309546,,0.99
1309546,,0.99
1475,,0.27
1475,,0.27
148V,,1.49
148V,,1.49
50571,,0.19
50571,,0.19
0108,,0.31
1103098,,2.32
1177978,,1.89
1190809,,2.89
1199857,,1.59
1231946,,1.79
1259711,,1.99
1268492,,1.23
1268768,,2.29
1285598,,1.69
1293944,,0.71
1309522,,0.99
1475,,0.27
148V,,1.49
763,,0.13
934800,,1.85
969314,,2.69
1091069,,2.39
1091069,,2.39
1103098,,2.32
1103098,,2.32
1178661,,1.04
1178661,,1.04
1188172,,1.39
1188172,,1.39
1199857,,1.59
1199857,,1.59
1231311,,2.19
1231311,,2.19
1231991,,1.69
1231991,,1.69
1253924,,1.69
1253924,,1.69
1268768,,2.29
1268768,,2.29
1285598,,1.69
1285598,,1.69
1475,,0.27
1475,,0.27
50571,,0.19
50571,,0.19
934800,,1.85
934800,,1.85
1091069,,2.39
1091069,,2.39
1103098,,2.32
1103098,,2.32
1178661,,1.04
1178661,,1.04
1188172,,1.39
1188172,,1.39
1231311,,2.19
1231311,,2.19
1253924,,1.69
1253924,,1.69
1268492,,1.23
1268492,,1.23
1309522,,0.99
1309522,,0.99
1309546,,0.99
1309546,,0.99
1475,,0.27
1475,,0.27
148V,,1.49
148V,,1.49
50571,,0.19
50571,,0.19
50571,,0.19
50571,,0.19
763,,0.13
763,,0.13
934800,,1.85
934800,,1.85
969314,,2.69
969314,,2.69
0108,,0.31
0108,,0.31
1103098,,2.32
1103098,,2.32
1153774,,1.49
1153774,,1.49
1177978,,1.89
1177978,,1.89
1178661,,1.04
1178661,,1.04
1188172,,1.39
1188172,,1.39
1190809,,2.89
1190809,,2.89
1247725,,2.29
1247725,,2.29
1268492,,1.23
1268492,,1.23
1309546,,0.99
1309546,,0.99
1475,,0.27
1475,,0.27
148V,,1.49
148V,,1.49
50571,,0.19
50571,,0.19
934800,,1.85
934800,,1.85
1091069,,2.39
1091069,,2.39
1103098,,2.32
1103098,,2.32
1153774,,1.49
1153774,,1.49
1231311,,2.19
1231311,,2.19
1231946,,1.79
1231946,,1.79
1231991,,1.69
1231991,,1.69
1247725,,2.29
1247725,,2.29
1253924,,1.69
1253924,,1.69
1259711,,1.99
1259711,,1.99
1268492,,1.23
1268492,,1.23
1293944,,0.71
1293944,,0.71
1309546,,0.99
1309546,,0.99
1475,,0.27
1475,,0.27
148V,,1.49
148V,,1.49
50571,,0.19
50571,,0.19
934800,,1.85
934800,,1.85
1091069,,2.39
1091069,,2.39
1103098,,2.32
1103098,,2.32
1153774,,1.49
1153774,,1.49
1178661,,1.04
1178661,,1.04
1231311,,2.19
1231311,,2.19
1247725,,2.29
1247725,,2.29
1253924,,1.69
1253924,,1.69
1268492,,1.23
1268492,,1.23
1309522,,0.99
1309522,,0.99
1309546,,0.99
1309546,,0.99
1475,,0.27
1475,,0.27
148V,,1.49
148V,,1.49
148V,,1.49
148V,,1.49
50571,,0.19
50571,,0.19
934800,,1.85
934800,,1.85
1103098,,2.32
1103098,,2.32
1103098,,2.32
1103098,,2.32
1253924,,1.69
1253924,,1.69
1253924,,1.69
1253924,,1.69
1259650,,1.59
1259650,,1.59
1259650,,1.59
1259650,,1.59
45516,,0.42
45516,,0.42
45516,,0.42
45516,,0.42
158.1,,0.13
158.1,,0.13
158.1,,0.13
889590,,1.51
158.1,,0.13
859650,,1.49
889590,,1.51
MAFECHAZ,,3.5
158.1,,0.13
158.1,,0.13
158.1,,0.13
890861,,1.25
890861,,1.25
MAMBASMV,,0.19
MAMBASMV,,0.19
158.1,,0.13
889590,,1.51
895767,,2.77
158.1,,0.13
889590,,1.51
RJAP01038,,1.5
158.1,,0.13
158.1,,0.13
158.1,,0.13
158.1,,0.13
158.1,,0.13
158.1,,0.13
859650,,1.49
889590,,1.51
889590,,1.51
889590,,1.51
859650,,1.49
859650,,1.49
859650,,1.49
859650,,1.49
158.1,,0.13
158.1,,0.13
158.1,,0.13
158.1,,0.13
158.1,,0.13
158.1,,0.13
158.1,,0.13
158.1,,0.13
158.1,,0.13
158.1,,0.13
859650,,1.49
859650,,1.49
859650,,1.49
859650,,1.49
859650,,1.49
889590,,1.51
889590,,1.51
889590,,1.51
889590,,1.51
889590,,1.51
158.1,,0.13
158.1,,0.13
158.1,,0.13
158.1,,0.13
158.1,,0.13
158.1,,0.13
890861,,1.25
890861,,1.25
890861,,1.25
890861,,1.25
890861,,1.25
MAMBDVMV,,0.12
MAMBDVMV,,0.12
MAMBDVMV,,0.12
MAMBDVMV,,0.12
MAMBDVMV,,0.12
10530,,2.69
10530,,2.69
10530,,2.69
10530,,2.69
10530,,2.69
10530,,2.69
859650,,1.49
859650,,1.49
859650,,1.49
859650,,1.49
859650,,1.49
859650,,1.49
889590,,1.51
889590,,1.51
889590,,1.51
889590,,1.51
889590,,1.51
889590,,1.51
JY 1098,,2.02
JY 1098,,2.02
JY 1098,,2.02
JY 1098,,2.02
JY 1098,,2.02
JY 1098,,2.02
MAMBASMV,,0.19
MAMBASMV,,0.19
MAMBASMV,,0.19
MAMBASMV,,0.19
MAMBASMV,,0.19
MAMBASMV,,0.19
RJAP01038,,1.5
RJAP01038,,1.5
RJAP01038,,1.5
RJAP01038,,1.5
RJAP01038,,1.5
RJAP01038,,1.5
158.1,,0.13
158.1,,0.13
158.1,,0.13
158.1,,0.13
158.1,,0.13
158.1,,0.13
859650,,1.49
859650,,1.49
859650,,1.49
859650,,1.49
859650,,1.49
859650,,1.49
158.1,,0.13
158.1,,0.13
859650,,1.49
859650,,1.49
158.1,,0.13
158.1,,0.13
158.1,,0.13
158.1,,0.13
158.1,,0.13
859650,,1.49
859650,,1.49
859650,,1.49
859650,,1.49
889590,,1.51
889590,,1.51
889590,,1.51
889590,,1.51
JY 1098,,2.02
JY 1098,,2.02
JY 1098,,2.02
JY 1098,,2.02
158.1,,0.13
158.1,,0.13
158.1,,0.13
158.1,,0.13
158.1,,0.13
158.1,,0.13
859650,,1.49
859650,,1.49
889590,,1.51
158.1,,0.13
158.1,,0.13
MAMBDIMV,,0.4
158.1,,0.13
MAMBDIMV,,0.4
158.1,,0.13
MAMBASMV,,0.19
MAMBASMV,,0.19
158.1,,0.13
158.1,,0.13
158.1,,0.13
MAMBDIMV,,0.4
MAMBDIMV,,0.4
859650,,1.49
889590,,1.51
RJAP01038,,1.5
859650,,1.49
889590,,1.51
MAMBDIMV,,0.4
1551,,0.4103
52531,,0.12
859650,,1.49
619205840061,,1.45
619205840061,,1.45
859650,,1.49
RJAP01038,,1.5
859650,,1.49
619205840061,,1.45
619205840061,,1.45
859650,,1.49
859650,,1.49
889590,,1.51
889590,,1.51
49427,,0.45
49427,,0.45
859650,,1.49
859650,,1.49
895767,,2.77
895767,,2.77
MAMBASMV,,0.19
MAMBASMV,,0.19
RJAP01038,,1.5
RJAP01038,,1.5
158.1,,0.13
859650,,1.49
889590,,1.51
MAMBDIMV,,0.4
MAMBDIMV,,0.4
MAMBDIMV,,0.4
MAMBDIMV,,0.4
158.1,,0.13
158.1,,0.13
1180,,0.27
1180,,0.27
158.1,,0.13
158.1,,0.13
41455,,0.16
41455,,0.16
49427,,0.45
49427,,0.45
MADOB7BIMA,,0.05
MADOB7BIMA,,0.05
1180,,0.27
1180,,0.27
158.1,,0.13
158.1,,0.13
52531,,0.12
52531,,0.12
MAMBDVMV,,0.12
MAMBDVMV,,0.12
MAMBDVMV,,0.12
MAMBDVMV,,0.12
158.1,,0.13
158.1,,0.13
MAMBDVMV,,0.12
MAMBDVMV,,0.12
158.1,,0.13
158.1,,0.13
158.1,,0.13
158.1,,0.13
158.1,,0.13
158.1,,0.13
158.1,,0.13
859650,,1.49
MAMBASMV,,0.19
MAMBASMV,,0.19
MAMBDIMV,,0.4
MAMBDIMV,,0.4
158.1,,0.13
158.1,,0.13
MABRPC,,1.51
MABRPC,,1.51
158.1,,0.13
158.1,,0.13
158.1,,0.13
859650,,1.49
859650,,1.49
889590,,1.51
889590,,1.51
158.1,,0.13
158.1,,0.13
158.1,,0.13
158.1,,0.13
158.1,,0.13
158.1,,0.13
MAMBDVMV,,0.12
MAMBDVMV,,0.12
MAMBDVMV,,0.12
158.1,,0.13
158.1,,0.13
158.1,,0.13
158.1,,0.13
158.1,,0.13
158.1,,0.13
158.1,,0.13
158.1,,0.13
158.1,,0.13
158.1,,0.13
158.1,,0.13
158.1,,0.13
158.1,,0.13
158.1,,0.13
FEST01,,0.94
FEST01,,0.94
158.1,,0.13
158.1,,0.13
158.1,,0.13
MAMBASMV,,0.19
MAMBASMV,,0.19
MAMBASMV,,0.19
859650,,1.49
859650,,1.49
889590,,1.51
889590,,1.51
MAMBDIMV,,0.4
MAMBDIMV,,0.4
158.1,,0.13
158.1,,0.13
158.1,,0.13
158.1,,0.13
859650,,1.49
889590,,1.51
895767,,2.77
158.1,,0.13
158.1,,0.13
158.1,,0.13
MAMBDVMV,,0.12
MAMBDVMV,,0.12
MAMBDVMV,,0.12
MAMBDVMV,,0.12
MAMBTTMV,,0.22
MAMBTTMV,,0.22
158.1,,0.13
158.1,,0.13
859650,,1.49
859650,,1.49
39216,,8.99
52531,,0.12
859650,,1.49
889590,,1.51
158.1,,0.13
158.1,,0.13
MAMBDVMV,,0.12
MAMBDVMV,,0.12
158.1,,0.13
158.1,,0.13
859650,,1.49
859650,,1.49
MAMBDVMV,,0.12
MAMBDVMV,,0.12
859650,,1.49
889590,,1.51
MAMBDVMV,,0.12
MAMBDVMV,,0.12
MAMBTTMV,,0.22
MAMBTTMV,,0.22
MAMBDVMV,,0.12
MAMBDVMV,,0.12
MAMBDIMV,,0.4
158.1,,0.13
158.1,,0.13
MABRPC,,1.51
MABRPC,,1.51
MABRPC,,1.51
MABRPC,,1.51
158.1,,0.13
158.1,,0.13
158.1,,0.13
158.1,,0.13
158.1,,0.13
158.1,,0.13
158.1,,0.13
158.1,,0.13
MABRPC,,1.51
MABRPC,,1.51
MABRPC,,1.51
MABRPC,,1.51
MABRPC,,1.51
MABRPC,,1.51
MABRPC,,1.51
158.1,,0.13
158.1,,0.13
890861,,1.25
890861,,1.25
30519,,2.58
619205840061,,1.45
MABRPC,,1.51
RJAP01038,,1.5
30519,,2.58
30519,,2.58
30519,,2.58
619205840061,,1.45
619205840061,,1.45
619205840061,,1.45
889590,,1.51
889590,,1.51
889590,,1.51
JY 1098,,2.02
JY 1098,,2.02
JY 1098,,2.02
MABRCJP,,2.77
MABRCJP,,2.77
MABRCJP,,2.77
158.1,,0.13
158.1,,0.13
158.1,,0.13
158.1,,0.13
158.1,,0.13
158.1,,0.13
158.1,,0.13
158.1,,0.13
850773,,3.05
158.1,,0.13
859650,,1.49
MAMBASMV,,0.19
MAMBTTMV,,0.22
859650,,1.49
MAMBDIMV,,0.4
MAMBDIMV,,0.4
158.1,,0.13
158.1,,0.13
859650,,1.49
889590,,1.51
Transparente,,0.04
XU-1,,0.21
XU-1,,0.21
XU-1,,0.21
XU-1,,0.21
158.1,,0.13
158.1,,0.13
859650,,1.49
889590,,1.51
859650,,1.49
889590,,1.51
RJAP01038,,1.5
859650,,1.49
889590,,1.51
1180,,0.27
1551,,0.4103
50571,,0.19
52531,,0.12
158.1,,0.13
859650,,1.49
158.1,,0.13
158.1,,0.13
859650,,1.49
889590,,1.51
RJAP01038,,1.5
0108,,0.31
1551,,0.4103
889590,,1.51
619205840061,,1.45
158.1,,0.13
158.1,,0.13
158.1,,0.13
859650,,1.49
889590,,1.51
Transparente,,0.04
1551,,0.4103
1551,,0.4103
158.1,,0.13
158.1,,0.13
MADOB7BIMA,,0.05
MADOB7BIMA,,0.05
Transparente,,0.04
158.1,,0.13
158.1,,0.13
859650,,1.49
889590,,1.51
158.1,,0.13
158.1,,0.13
158.1,,0.13
859650,,1.49
859650,,1.49
889590,,1.51
889590,,1.51
0108,,0.31
0108,,0.31
0108,,0.31
1180,,0.27
1180,,0.27
1180,,0.27
1475,,0.27
1475,,0.27
1475,,0.27
158.1,,0.13
158.1,,0.13
158.1,,0.13
39216,,8.99
39216,,8.99
39216,,8.99
49427,,0.45
49427,,0.45
49427,,0.45
52531,,0.12
52531,,0.12
52531,,0.12
889590,,1.51
889590,,1.51
889590,,1.51
890861,,1.25
890861,,1.25
890861,,1.25
RJAP01038,,1.5
RJAP01038,,1.5
RJAP01038,,1.5
158.1,,0.13
158.1,,0.13
158.1,,0.13
859650,,1.49
859650,,1.49
158.1,,0.13
158.1,,0.13
158.1,,0.13
158.1,,0.13
859650,,1.49
859650,,1.49
859650,,1.49
859650,,1.49
889590,,1.51
MAMBDIMV,,0.4
RJAP01038,,1.5
158.1,,0.13
158.1,,0.13
MAMBDVMV,,0.12
MAMBDVMV,,0.12
158.1,,0.13
1180,,0.27
1180,,0.27
1180,,0.27
1180,,0.27
1551,,0.4103
1551,,0.4103
1551,,0.4103
1551,,0.4103
52531,,0.12
52531,,0.12
52531,,0.12
52531,,0.12
MADOB7BIMA,,0.05
MADOB7BIMA,,0.05
MADOB7BIMA,,0.05
MADOB7BIMA,,0.05
158.1,,0.13
859650,,1.49
10530,,2.69
619205840061,,1.45
859650,,1.49
619205840061,,1.45
619205840061,,1.45
859650,,1.49
859650,,1.49
889590,,1.51
889590,,1.51
158.1,,0.13
RJAP01038,,1.5
10530,,2.69
10530,,2.69
10530,,2.69
619205840061,,1.45
619205840061,,1.45
619205840061,,1.45
889590,,1.51
889590,,1.51
889590,,1.51
158.1,,0.13
889590,,1.51
158.1,,0.13
859650,,1.49
895767,,2.77
MAMBDIMV,,0.4
619205840061,,1.45
619205840061,,1.45
859650,,1.49
859650,,1.49
889590,,1.51
889590,,1.51
895767,,2.77
895767,,2.77
MABRDOT,,2.69
MABRDOT,,2.69
MABRPC,,1.51
MABRPC,,1.51
RJAP01038,,1.5
RJAP01038,,1.5
619205840061,,1.45
859650,,1.49
889590,,1.51
JY 1098,,2.02
158.1,,0.13
158.1,,0.13
158.1,,0.13
859650,,1.49
859650,,1.49
158.1,,0.13
859650,,1.49
889590,,1.51
MAMBDIMV,,0.4
859650,,1.49
859650,,1.49
889590,,1.51
889590,,1.51
158.1,,0.13
158.1,,0.13
859650,,1.49
859650,,1.49
859650,,1.49
889590,,1.51
889590,,1.51
158.1,,0.13
158.1,,0.13
158.1,,0.13
859650,,1.49
859650,,1.49
859650,,1.49
889590,,1.51
889590,,1.51
889590,,1.51
889590,,1.51
158.1,,0.13
158.1,,0.13
158.1,,0.13
619205840061,,1.45
859650,,1.49
889590,,1.51
895767,,2.77
JY 1098,,2.02
158.1,,0.13
158.1,,0.13
889590,,1.51
889590,,1.51
1475,,0.27
1551,,0.4103
39216,,8.99
49427,,0.45
50571,,0.19
859650,,1.49
889590,,1.51
895767,,2.77
MADOB7BIMA,,0.05
MAMBDIMV,,0.4
158.1,,0.13
158.1,,0.13
889590,,1.51
889590,,1.51
895767,,2.77
895767,,2.77
RJAP01038,,1.5
RJAP01038,,1.5
895767,,2.77
0108,,0.31
0108,,0.31
1180,,0.27
1180,,0.27
1551,,0.4103
1551,,0.4103
158.1,,0.13
158.1,,0.13
49427,,0.45
49427,,0.45
0108,,0.31
0108,,0.31
1475,,0.27
1475,,0.27
1551,,0.4103
1551,,0.4103
49427,,0.45
49427,,0.45
52531,,0.12
52531,,0.12
619205840061,,1.45
619205840061,,1.45
859650,,1.49
859650,,1.49
889590,,1.51
889590,,1.51
895767,,2.77
895767,,2.77
MADOB7BIMA,,0.05
MADOB7BIMA,,0.05
XU-1,,0.21
XU-1,,0.21
158.1,,0.13
158.1,,0.13
889590,,1.51
889590,,1.51
MAMBTTMV,,0.22
MAMBTTMV,,0.22
158.1,,0.13
Transparente,,0.04
158.1,,0.13
158.1,,0.13
158.1,,0.13
RJAP01038,,1.5
RJAP01038,,1.5
158.1,,0.13
MAMBDIMV,,0.4
158.1,,0.13
52531,,0.12
889590,,1.51
XU-1,,0.21
889590,,1.51
JY 1098,,2.02
JY 1098,,2.02
1180,,0.27
158.1,,0.13
49427,,0.45
52531,,0.12
890861,,1.25
MADOB7BIMA,,0.05
158.1,,0.13
859650,,1.49
RJAP01038,,1.5
859650,,1.49
889590,,1.51
RJAP01038,,1.5
JY 1098,,2.02
158.1,,0.13
859650,,1.49
MABRPC,,1.51
RJAP01038,,1.5
MAMBDIMV,,0.4
158.1,,0.13
MADOB7BIMA,,0.05
859650,,1.49
889590,,1.51
RJAP01038,,1.5
889590,,1.51
JY 1098,,2.02
158.1,,0.13
158.1,,0.13
859650,,1.49
MAMBDIMV,,0.4
889590,,1.51
158.1,,0.13
MAMBDIMV,,0.4
158.1,,0.13
889590,,1.51
RJAP01038,,1.5
158.1,,0.13
MAMBDIMV,,0.4
MAMBTTMV,,0.22
158.1,,0.13
859650,,1.49
889590,,1.51
895767,,2.77
158.1,,0.13
158.1,,0.13
859650,,1.49
889590,,1.51
RJAP01038,,1.5
Transparente,,0.04
10530,,2.69
619205840061,,1.45
895767,,2.77
MABRPC,,1.51
859650,,1.49
890861,,1.25
158.1,,0.13
49427,,0.45
50571,,0.19
52531,,0.12
895767,,2.77
JY 1098,,2.02
JY 1098,,2.02
RJAP01038,,1.5
859650,,1.49
889590,,1.51
158.1,,0.13
MAMBDIMV,,0.4
158.1,,0.13
619205840061,,1.45
859650,,1.49
MABRPC,,1.51
RJAP01038,,1.5
158.1,,0.13
889590,,1.51
158.1,,0.13
859650,,1.49
889590,,1.51
619205840061,,1.45
889590,,1.51
MABRPC,,1.51
158.1,,0.13
859650,,1.49
158.1,,0.13
158.1,,0.13
MAMBDIMV,,0.4
158.1,,0.13
49427,,0.45
50571,,0.19
52531,,0.12
895767,,2.77
JY 1098,,2.02
30519,,2.58
619205840061,,1.45
889590,,1.51
MABRPC,,1.51
RJAP01038,,1.5
889590,,1.51
MABRDOT,,2.69
RJAP01038,,1.5
0108,,0.31
1180,,0.27
1475,,0.27
52531,,0.12
889590,,1.51
889590,,1.51
RJAP01038,,1.5
859650,,1.49
158.1,,0.13
889590,,1.51
MAMBDIMV,,0.4
158.1,,0.13
MAMBDIMV,,0.4
158.1,,0.13
158.1,,0.13
859650,,1.49
JY 1098,,2.02
158.1,,0.13
158.1,,0.13
859650,,1.49
889590,,1.51
889590,,1.51
158.1,,0.13
MAMBDIMV,,0.4
MAMBTTMV,,0.22
158.1,,0.13
158.1,,0.13
MAMBDIMV,,0.4
158.1,,0.13
MAMBTTMV,,0.22
1180,,0.27
158.1,,0.13
52531,,0.12
859650,,1.49
895767,,2.77
158.1,,0.13
158.1,,0.13
158.1,,0.13
889590,,1.51
890861,,1.25
158.1,,0.13
859650,,1.49
158.1,,0.13
859650,,1.49
RJAP01038,,1.5
1551,,0.4103
27102,,0.05
49427,,0.45
52531,,0.12
158.1,,0.13
859650,,1.49
889590,,1.51
MABRPC,,1.51
158.1,,0.13
158.1,,0.13
859650,,1.49
158.1,,0.13
859650,,1.49
859650,,1.49
889590,,1.51
895767,,2.77
158.1,,0.13
158.1,,0.13
158.1,,0.13
158.1,,0.13
158.1,,0.13
158.1,,0.13
158.1,,0.13
158.1,,0.13
158.1,,0.13
158.1,,0.13
158.1,,0.13
158.1,,0.13
889590,,1.51
889590,,1.51
889590,,1.51
889590,,1.51
158.1,,0.13
158.1,,0.13
158.1,,0.13
158.1,,0.13
27102,,0.05
27102,,0.05
27102,,0.05
27102,,0.05
158.1,,0.13
158.1,,0.13
158.1,,0.13
158.1,,0.13
158.1,,0.13
158.1,,0.13
158.1,,0.13
158.1,,0.13
895767,,2.77
895767,,2.77
895767,,2.77
895767,,2.77
895767,,2.77
895767,,2.77
158.1,,0.13
158.1,,0.13
158.1,,0.13
158.1,,0.13
158.1,,0.13
158.1,,0.13
158.1,,0.13
158.1,,0.13
158.1,,0.13
895767,,2.77
895767,,2.77
1180,,0.27
1180,,0.27
45516,,0.42
45516,,0.42
50571,,0.19
50571,,0.19
52531,,0.12
52531,,0.12
Transparente,,0.04
Transparente,,0.04
1180,,0.27
27102,,0.05
50571,,0.19
763,,0.13
1180,,0.27
1180,,0.27
158.1,,0.13
158.1,,0.13
27102,,0.05
27102,,0.05
41455,,0.16
41455,,0.16
52531,,0.12
52531,,0.12
573429,,0.05
573429,,0.05
Transparente,,0.04
Transparente,,0.04
1180,,0.27
1180,,0.27
1180,,0.27
1180,,0.27
27102,,0.05
27102,,0.05
27102,,0.05
27102,,0.05
45516,,0.42
45516,,0.42
45516,,0.42
45516,,0.42
49427,,0.45
49427,,0.45
49427,,0.45
49427,,0.45
50571,,0.19
50571,,0.19
50571,,0.19
50571,,0.19
763,,0.13
763,,0.13
763,,0.13
763,,0.13
Transparente,,0.04
Transparente,,0.04
Transparente,,0.04
Transparente,,0.04
1180,,0.27
45516,,0.42
49427,,0.45
50571,,0.19
52531,,0.12
Transparente,,0.04
158.1,,0.13
158.1,,0.13
889590,,1.51
889590,,1.51
889590,,1.51
889590,,1.51
10530,,2.69
158.1,,0.13
889590,,1.51
RJAP01038,,1.5
158.1,,0.13
158.1,,0.13
37877,,0.73
49427,,0.45
MADOB7BIMA,,0.05
Transparente,,0.04
158.1,,0.13
158.1,,0.13
1161830,,0.81
1161830,,0.81
27102,,0.05
27102,,0.05
37877,,0.73
37877,,0.73
49427,,0.45
49427,,0.45
63432,,0.11
63432,,0.11
158.1,,0.13
0108,,0.31
0108,,0.31
0108,,0.31
0108,,0.31
1180,,0.27
1180,,0.27
1180,,0.27
1180,,0.27
158.1,,0.13
158.1,,0.13
158.1,,0.13
158.1,,0.13
27102,,0.05
27102,,0.05
27102,,0.05
27102,,0.05
49427,,0.45
49427,,0.45
49427,,0.45
49427,,0.45
52531,,0.12
52531,,0.12
52531,,0.12
52531,,0.12
63432,,0.11
63432,,0.11
63432,,0.11
63432,,0.11
158.1,,0.13
1180,,0.27
1180,,0.27
158.1,,0.13
158.1,,0.13
171,,0.08
171,,0.08
52531,,0.12
52531,,0.12
63432,,0.11
63432,,0.11
MADOB7BIMA,,0.05
MADOB7BIMA,,0.05
Transparente,,0.04
Transparente,,0.04
158.1,,0.13
158.1,,0.13
0108,,0.31
1180,,0.27
158.1,,0.13
27102,,0.05
63432,,0.11
0108,,0.31
1180,,0.27
37877,,0.73
49427,,0.45
158.1,,0.13
27102,,0.05
37877,,0.73
49427,,0.45
158.1,,0.13
Transparente,,0.04
158.1,,0.13
619205840061,,1.45
889590,,1.51
158.1,,0.13
158.1,,0.13
27102,,0.05
37877,,0.73
49427,,0.45
158.1,,0.13
0108,,0.31
1114430,,5.99
27102,,0.05
37877,,0.73
49427,,0.45
0108,,0.31
1180,,0.27
158.1,,0.13
37877,,0.73
158.1,,0.13
158.1,,0.13
158.1,,0.13
158.1,,0.13
MAMBDIMV,,0.4
158.1,,0.13
1180,,0.27
1180,,0.27
158.1,,0.13
158.1,,0.13
27102,,0.05
27102,,0.05
41455,,0.16
41455,,0.16
52531,,0.12
52531,,0.12
Transparente,,0.04
Transparente,,0.04
158.1,,0.13
158.1,,0.13
158.1,,0.13
158.1,,0.13
1180,,0.27
27102,,0.05
37877,,0.73
49427,,0.45
37877,,0.73
41455,,0.16
49427,,0.45
158.1,,0.13
41455,,0.16
49427,,0.45
158.1,,0.13
158.1,,0.13
158.1,,0.13
158.1,,0.13
895766,,1.44
895766,,1.44
158.1,,0.13
1180,,0.27
119047,,0.318
37877,,0.73
49427,,0.45
1180,,0.27
37877,,0.73
49427,,0.45
0108,,0.31
1180,,0.27
37877,,0.73
41455,,0.16
49427,,0.45
895766,,1.44
FEST01,,0.94
895766,,1.44
FEST01,,0.94
ML-MLC,,1.3
895766,,1.44
FEST01,,0.94
ML-MLC,,1.3
158.1,,0.13
619205840061,,1.45
895766,,1.44
FEST01,,0.94
ML-MLC,,1.3
FEST01,,0.94
ML-MLC,,1.3
619205840061,,1.45
895766,,1.44
FEST01,,0.94
ML-MLC,,1.3
895766,,1.44
FEST01,,0.94
ML-MLC,,1.3
1180,,0.27
171,,0.08
37877,,0.73
41455,,0.16
MADOB7BIMA,,0.05
1180,,0.27
37877,,0.73
41455,,0.16
MADOB7BIMA,,0.05
158.1,,0.13
158.1,,0.13
158.1,,0.13
158.1,,0.13
158.1,,0.13
158.1,,0.13
158.1,,0.13
158.1,,0.13
158.1,,0.13
1180,,0.27
37877,,0.73
41455,,0.16
63432,,0.11
MADOB7BIMA,,0.05
0108,,0.31
37877,,0.73
63432,,0.11
37877,,0.73
50571,,0.19
158.1,,0.13
1180,,0.27
37877,,0.73
41455,,0.16
49427,,0.45
1180,,0.27
37877,,0.73
41455,,0.16
49427,,0.45
MADOB7BIMA,,0.05
1180,,0.27
37877,,0.73
41455,,0.16
49427,,0.45
MADOB7BIMA,,0.05
0108,,0.31
1180,,0.27
37877,,0.73
41455,,0.16
64371,,0.09
Transparente,,0.04
0108,,0.31
1180,,0.27
37877,,0.73
41455,,0.16
49427,,0.45
63432,,0.11
MADOB7BIMA,,0.05
158.1,,0.13
158.1,,0.13
158.1,,0.13
158.1,,0.13
1180,,0.27
37877,,0.73
41455,,0.16
49427,,0.45
63432,,0.11
MADOB7BIMA,,0.05
1180,,0.27
158.1,,0.13
37877,,0.73
49427,,0.45
MADOB7BIMA,,0.05
1180,,0.27
158.1,,0.13
37877,,0.73
49427,,0.45
MADOB7BIMA,,0.05
1180,,0.27
37877,,0.73
41455,,0.16
49427,,0.45
1180,,0.27
37877,,0.73
41455,,0.16
49427,,0.45
158.1,,0.13
158.1,,0.13
158.1,,0.13
158.1,,0.13
1180,,0.27
37877,,0.73
41455,,0.16
1180,,0.27
37877,,0.73
41455,,0.16
49427,,0.45
MADOB7BIMA,,0.05
1180,,0.27
1180,,0.27
37877,,0.73
37877,,0.73
41455,,0.16
41455,,0.16
49427,,0.45
49427,,0.45
MADOB7BIMA,,0.05
MADOB7BIMA,,0.05
37877,,0.73
37877,,0.73
37877,,0.73
37877,,0.73
41455,,0.16
63432,,0.11
MADOB7BIMA,,0.05
158.1,,0.13
1180,,0.27
37877,,0.73
MADOB7BIMA,,0.05
1180,,0.27
37877,,0.73
41455,,0.16
49427,,0.45
MADOB7BIMA,,0.05
1180,,0.27
37877,,0.73
41455,,0.16
49427,,0.45
MADOB7BIMA,,0.05
1180,,0.27
37877,,0.73
41455,,0.16
49427,,0.45
MADOB7BIMA,,0.05
1180,,0.27
37877,,0.73
49427,,0.45
MADOB7BIMA,,0.05
1180,,0.27
37877,,0.73
41455,,0.16
49427,,0.45
MADOB7BIMA,,0.05
1180,,0.27
37877,,0.73
49427,,0.45
0108,,0.31
1551,,0.4103
158.1,,0.13
44903,,0.09
49427,,0.45
895767,,2.77
895767,,2.77
MABRPEN,,1.8
850773,,3.05
895767,,2.77
MABRPEN,,1.8
1180,,0.27
41455,,0.16
50571,,0.19
MADOB7BIMA,,0.05
49427,,0.45
619205840061,,1.45
MABRPC,,1.51
859650,,1.49
889590,,1.51
158.1,,0.13
39216,,8.99
52531,,0.12
859650,,1.49
MAMBDVMV,,0.12
Transparente,,0.04
889590,,1.51
859650,,1.49
158.1,,0.13
158.1,,0.13
158.1,,0.13
859650,,1.49
889590,,1.51
158.1,,0.13
158.1,,0.13
158.1,,0.13
158.1,,0.13
158.1,,0.13
859650,,1.49
859650,,1.49
JY 1098,,2.02
JY 1098,,2.02
MAMBDVMV,,0.12
MAMBDVMV,,0.12
MAMBTTMV,,0.22
619205840061,,1.45
889590,,1.51
MABRPC,,1.51
859650,,1.49
889590,,1.51
RJAP01038,,1.5
158.1,,0.13
158.1,,0.13
158.1,,0.13
158.1,,0.13
MAMBTTMV,,0.22
158.1,,0.13
889590,,1.51
MAMBASMV,,0.19
158.1,,0.13
859650,,1.49
889590,,1.51
158.1,,0.13
158.1,,0.13
859650,,1.49
889590,,1.51
RJAP01038,,1.5
RJAP01038,,1.5
RJAP01038,,1.5
RJAP01038,,1.5
158.1,,0.13
158.1,,0.13
158.1,,0.13
158.1,,0.13
158.1,,0.13
158.1,,0.13
158.1,,0.13
158.1,,0.13
158.1,,0.13
158.1,,0.13
158.1,,0.13
158.1,,0.13
158.1,,0.13
158.1,,0.13
1180,,0.27
158.1,,0.13
27102,,0.05
41455,,0.16
52531,,0.12
158.1,,0.13
158.1,,0.13
1180,,0.27
1551,,0.4103
45516,,0.42
49427,,0.45
64371,,0.09
889590,,1.51
158.1,,0.13
158.1,,0.13
158.1,,0.13
158.1,,0.13
158.1,,0.13
158.1,,0.13
158.1,,0.13
158.1,,0.13
158.1,,0.13
158.1,,0.13
158.1,,0.13
158.1,,0.13
158.1,,0.13
158.1,,0.13
158.1,,0.13
158.1,,0.13
158.1,,0.13
158.1,,0.13
158.1,,0.13
158.1,,0.13
158.1,,0.13
158.1,,0.13
158.1,,0.13
158.1,,0.13
158.1,,0.13
158.1,,0.13
158.1,,0.13
158.1,,0.13
158.1,,0.13
158.1,,0.13
158.1,,0.13
158.1,,0.13
158.1,,0.13
158.1,,0.13
158.1,,0.13
158.1,,0.13
158.1,,0.13
158.1,,0.13
158.1,,0.13
158.1,,0.13
158.1,,0.13
158.1,,0.13
158.1,,0.13
158.1,,0.13
158.1,,0.13
158.1,,0.13
158.1,,0.13
158.1,,0.13
158.1,,0.13
158.1,,0.13
158.1,,0.13
158.1,,0.13
158.1,,0.13
158.1,,0.13
158.1,,0.13
158.1,,0.13
158.1,,0.13
158.1,,0.13
158.1,,0.13
158.1,,0.13
158.1,,0.13
158.1,,0.13
158.1,,0.13
158.1,,0.13
158.1,,0.13
158.1,,0.13
158.1,,0.13
158.1,,0.13
158.1,,0.13
158.1,,0.13
30519,,2.58
30519,,2.58
619205840061,,1.45
619205840061,,1.45
889590,,1.51
889590,,1.51
JY 1098,,2.02
JY 1098,,2.02
158.1,,0.13
158.1,,0.13
158.1,,0.13
158.1,,0.13
158.1,,0.13
158.1,,0.13
619205840061,,1.45
619205840061,,1.45
889590,,1.51
889590,,1.51
619205840061,,1.45
619205840061,,1.45
889590,,1.51
889590,,1.51
158.1,,0.13
158.1,,0.13
619205840061,,1.45
619205840061,,1.45
889590,,1.51
889590,,1.51
JY 1098,,2.02
JY 1098,,2.02
MABRPC,,1.51
MABRPC,,1.51
158.1,,0.13
158.1,,0.13
MABRPC,,1.51
MABRPC,,1.51
158.1,,0.13
158.1,,0.13
158.1,,0.13
158.1,,0.13
158.1,,0.13
158.1,,0.13
JY 1098,,2.02
JY 1098,,2.02
158.1,,0.13
158.1,,0.13
619205840061,,1.45
619205840061,,1.45
889590,,1.51
889590,,1.51
MABRPC,,1.51
MABRPC,,1.51
158.1,,0.13
158.1,,0.13
619205840061,,1.45
619205840061,,1.45
889590,,1.51
889590,,1.51
MABRPC,,1.51
MABRPC,,1.51
158.1,,0.13
158.1,,0.13
158.1,,0.13
158.1,,0.13
158.1,,0.13
158.1,,0.13
158.1,,0.13
158.1,,0.13
158.1,,0.13
158.1,,0.13
158.1,,0.13
158.1,,0.13
158.1,,0.13
619205840061,,1.45
619205840061,,1.45
889590,,1.51
889590,,1.51
MABRPC,,1.51
MABRPC,,1.51
158.1,,0.13
158.1,,0.13
619205840061,,1.45
619205840061,,1.45
889590,,1.51
889590,,1.51
MABRPC,,1.51
MABRPC,,1.51
158.1,,0.13
158.1,,0.13
158.1,,0.13
158.1,,0.13
158.1,,0.13
158.1,,0.13
158.1,,0.13
158.1,,0.13
158.1,,0.13
158.1,,0.13
158.1,,0.13
158.1,,0.13
158.1,,0.13
158.1,,0.13
158.1,,0.13
158.1,,0.13
619205840061,,1.45
619205840061,,1.45
889590,,1.51
889590,,1.51
158.1,,0.13
158.1,,0.13
619205840061,,1.45
619205840061,,1.45
889590,,1.51
889590,,1.51
158.1,,0.13
158.1,,0.13
158.1,,0.13
158.1,,0.13
158.1,,0.13
158.1,,0.13
158.1,,0.13
158.1,,0.13
158.1,,0.13
158.1,,0.13
158.1,,0.13
158.1,,0.13
158.1,,0.13
158.1,,0.13
158.1,,0.13
158.1,,0.13
158.1,,0.13
158.1,,0.13
158.1,,0.13
158.1,,0.13
158.1,,0.13
158.1,,0.13
158.1,,0.13
158.1,,0.13
158.1,,0.13
158.1,,0.13
158.1,,0.13
158.1,,0.13
158.1,,0.13
158.1,,0.13
158.1,,0.13
158.1,,0.13
158.1,,0.13
158.1,,0.13
158.1,,0.13
158.1,,0.13
158.1,,0.13
158.1,,0.13
158.1,,0.13
158.1,,0.13
158.1,,0.13
158.1,,0.13
158.1,,0.13
158.1,,0.13
158.1,,0.13
158.1,,0.13
158.1,,0.13
158.1,,0.13
158.1,,0.13
158.1,,0.13
158.1,,0.13
158.1,,0.13
158.1,,0.13
158.1,,0.13
158.1,,0.13
158.1,,0.13
158.1,,0.13
158.1,,0.13
158.1,,0.13
158.1,,0.13
158.1,,0.13
158.1,,0.13
158.1,,0.13
158.1,,0.13
158.1,,0.13
158.1,,0.13
158.1,,0.13
158.1,,0.13
158.1,,0.13
158.1,,0.13
158.1,,0.13
158.1,,0.13
158.1,,0.13
158.1,,0.13
158.1,,0.13
158.1,,0.13
158.1,,0.13
158.1,,0.13
158.1,,0.13
158.1,,0.13
158.1,,0.13
158.1,,0.13
158.1,,0.13
158.1,,0.13
ML-MLC,,1.3
ML-MLC,,1.3
ML-MLC,,1.3
ML-MLC,,1.3
0108,,0.31
1180,,0.27
171,,0.08
41455,,0.16
44903,,0.09
52531,,0.12
MADOB7BIMA,,0.05
MABRPC,,1.51
A008- BH200,,15.0
A298,,20.0
MAVMP24JH,,14.4
A008- BH200,,15.0
A362,,10.0
A012,,32.0
A012,,32.0
MAPEELBC,,1.5
MAPEELBC,,1.5
619205840061,,1.45
619205840061,,1.45
30519,,2.58
A008- BH200,,15.0
MAVAA24JH,,64.0
619205840061,,1.45
619205840061,,1.45
619205840061,,1.45
7898056628216,,0.4
7898056628216,,0.4
7898056628216,,0.4
7898056628216,,0.4
7898056628216,,0.4
7898056628216,,0.4
7898056628216,,0.4
7898056628216,,0.4
A008- BH200,,15.0
MAVMP21JH,,12.6
MABRVAI,,3.2
A012,,32.0
A013,,36.0
A014,,40.0
MACADOMAVD,,13.0
MACAKITBAR,,6.9
MAVMP24JH,,14.4
MAVMP24JH,,14.4
A008- BH200,,15.0
A008- BH200,,15.0
MAVMP24JH,,14.4
MAVMP24JH,,14.4
A009-GM3000,,30.0
A009-GM3000,,30.0
A009-GM3000,,30.0
A009-GM3000,,30.0
A009-GM3000,,30.0
MAVMC30JH,,18.9
MAVMC30JH,,18.9
MAVMC30JH,,18.9
MAVMC30JH,,18.9
MAVMC30JH,,18.9
7898047010020,,0.05
7898047010020,,0.05
7898047010020,,0.05
7898047010020,,0.05
7898047010020,,0.05
ZR0380,,10.0
ZR0380,,10.0
ZR0380,,10.0
ZR0380,,10.0
ZR0380,,10.0
MAESCORG3,,16.0
A084,,18.0
A084,,18.0
859650,,1.49
MABRCJP,,2.77
MABRCJP,,2.77
MABRCJP,,2.77
MABRCJP,,2.77
MABRCJP,,2.77
MABRCJP,,2.77
RJAP01038,,1.5
RJAP01038,,1.5
RJAP01038,,1.5
JY 1098,,2.02
JY 1098,,2.02
JY 1098,,2.02
JY 1098,,2.02
JY 1098,,2.02
JY 1098,,2.02
JY 1098,,2.02
JY 1098,,2.02
ML-MLC,,1.3
ML-MLC,,1.3
ML-MLC,,1.3
ML-MLC,,1.3
ML-MLC,,1.3
ML-MLC,,1.3
889590,,1.51
889590,,1.51
ML-MLC,,1.3
ML-MLC,,1.3
889590,,1.51
889590,,1.51
889590,,1.51
889590,,1.51
889590,,1.51
889590,,1.51
ML-MLC,,1.3
ML-MLC,,1.3
ML-MLC,,1.3
ML-MLC,,1.3
889590,,1.51
889590,,1.51
889590,,1.51
889590,,1.51
889590,,1.51
889590,,1.51
889590,,1.51
889590,,1.51
889590,,1.51
889590,,1.51
Frogball,,3.98
Frogball,,3.98
Frogball,,3.98
Frogball,,3.98
Frogball,,3.98
Frogball,,3.98
Frogball,,3.98
MABRSQUR,,4.73
1180,,0.27
1180,,0.27
PA0010,,0.2698
ZR0380,,10.0
A051,,11.0
A051,,11.0
A051,,11.0
A051,,11.0
A008- BH200,,15.0
MAVMC36JH,,22.5
A051,,11.0
7898047010020,,0.05
807909,,0.61
A009-GM3000,,30.0
A009-GM3000,,30.0
A702,,27.0
A702,,27.0
807909,,0.61
807909,,0.61
807909,,0.61
807909,,0.61
A008- BH200,,15.0
A008- BH200,,15.0
A008- BH200,,15.0
MAVMC30JH,,18.9
MAVMC30JH,,18.9
MAVMC30JH,,18.9
A172(A470),,18.0
A172(A470),,18.0
A172(A470),,18.0
A172(A470),,18.0
A172(A470),,18.0
MAANZCH5G,,1.0
MAANZCH5G,,1.0
MAANZCH5G,,1.0
MAANZCH5G,,1.0
MAANZCH5G,,1.0
MAANZCH5G,,1.0
MAANZCH5G,,1.0
MAANZCH5G,,1.0
MAANZCH5G,,1.0
MAANZCH5G,,1.0
MAANZCH5G,,1.0
MAANZCH5G,,1.0
MAANZCH5G,,1.0
MAANZCH5G,,1.0
MAANZCH5G,,1.0
MAANZCH5G,,1.0
MAANZCH5G,,1.0
MAANZCH5G,,1.0
MAANZCH5G,,1.0
MAANZCH5G,,1.0
MAANZCH5G,,1.0
MAANZCH5G,,1.0
MAANZCH5G,,1.0
MAANZCH5G,,1.0
MAANZCH5G,,1.0
MAANZCH5G,,1.0
MAANZCH5G,,1.0
MAANZCH5G,,1.0
MAANZCH5G,,1.0
MAANZCH5G,,1.0
MAANZCH5G,,1.0
MAANZCH5G,,1.0
MAANZCH5G,,1.0
MAANZCH5G,,1.0
MAANZCH5G,,1.0
MAISCSRH,,0.5
MAISCSRH,,0.5
MAISCSRH,,0.5
MAISCSRH,,0.5
MAISCSRH,,0.5
MAISCSRH,,0.5
MAISCSRH,,0.5
MAISCSRH,,0.5
MAISCSRH,,0.5
MAISCSRH,,0.5
MAISCSRH,,0.5
MAISCSRH,,0.5
MAISCSRH,,0.5
MAISCSRH,,0.5
MAISCSRH,,0.5
MAISCSRH,,0.5
MAISCSRH,,0.5
MAISCSRH,,0.5
MAISCSRH,,0.5
MAISCSRH,,0.5
MAISCSRH,,0.5
MAISCSRH,,0.5
MAISCSRH,,0.5
MAISCSRH,,0.5
MAISCSRH,,0.5
MAISCSRH,,0.5
MAISCSRH,,0.5
MAISCSRH,,0.5
MAISCSRH,,0.5
MAISCSRH,,0.5
MAISCSRH,,0.5
MAISCSRH,,0.5
MAISCSRH,,0.5
MAISCSRH,,0.5
MAISCSRH,,0.5
158.1,,0.13
158.1,,0.13
158.1,,0.13
158.1,,0.13
158.1,,0.13
158.1,,0.13
158.1,,0.13
158.1,,0.13
158.1,,0.13
158.1,,0.13
158.1,,0.13
158.1,,0.13
158.1,,0.13
158.1,,0.13
158.1,,0.13
158.1,,0.13
158.1,,0.13
158.1,,0.13
158.1,,0.13
158.1,,0.13
158.1,,0.13
158.1,,0.13
158.1,,0.13
158.1,,0.13
158.1,,0.13
158.1,,0.13
A092,,1.5
A092,,1.5
A092,,1.5
A092,,1.5
A092,,1.5
A092,,1.5
MASAB15X25CLI,,0.03
A015,,45.0
MABROCP,,4.5
MABROCC,,4.6
MATBROCB,,5.2
MCAPRI2004,,12.36
MCAPRI2004,,12.36
MACALI7,,16.0
MAESCORG3,,16.0
MAPEISAPOJH,,5.0
MAPEISAPOJH,,5.0
MAPEISPATJH,,8.0
MAPEISPATJH,,8.0
MAPEISRATJH,,6.0
MAPEISRATJH,,6.0
158.1,,0.13
158.1,,0.13
158.1,,0.13
MAMBDVMV,,0.12
158.1,,0.13
158.1,,0.13
889590,,1.51
807909,,0.61
807909,,0.61
A009-GM3000,,30.0
A009-GM3000,,30.0
A009-GM3000,,30.0
A009-GM3000,,30.0
158.1,,0.13
158.1,,0.13
Transparente,,0.04
Transparente,,0.04
889590,,1.51
889590,,1.51
889590,,1.51
A008- BH200,,15.0
A008- BH200,,15.0
A008- BH200,,15.0
A008- BH200,,15.0
MAVMP24JH,,14.4
MAVMP24JH,,14.4
MAVMP24JH,,14.4
MAVMP24JH,,14.4
A009-GM3000,,30.0
A008- BH200,,15.0
A008- BH200,,15.0
A008- BH200,,15.0
A008- BH200,,15.0
MAVMP24JH,,14.4
A132T,,30.0
MAPEBLCC,,12.0
30519,,2.58
1180,,0.27
A008- BH200,,15.0
A008- BH200,,15.0
619205840061,,1.45
889590,,1.51
RJAP01038,,1.5
MAVMC30JH,,18.9
889590,,1.51
A238,,10.0
859650,,1.49
859650,,1.49
859650,,1.49
MABRPC,,1.51
MABRPC,,1.51
MABRPC,,1.51
10530,,2.69
10530,,2.69
10530,,2.69
10530,,2.69
10530,,2.69
10530,,2.69
MABRVI,,3.2
MABRVI,,3.2
MABRVI,,3.2
MABRVI,,3.2
619205840061,,1.45
859650,,1.49
889590,,1.51
RJAP01038,,1.5
MACALI7,,16.0
MAESCORG3,,16.0
MAMBDIMV,,0.4
158.1,,0.13
158.1,,0.13
158.1,,0.13
158.1,,0.13
158.1,,0.13
158.1,,0.13
158.1,,0.13
158.1,,0.13
158.1,,0.13
158.1,,0.13
859650,,1.49
890861,,1.25
895767,,2.77
RJAP01038,,1.5
619205840061,,1.45
859650,,1.49
889590,,1.51
895767,,2.77
619205840061,,1.45
889590,,1.51
895767,,2.77
619205840061,,1.45
619205840061,,1.45
859650,,1.49
859650,,1.49
889590,,1.51
889590,,1.51
895767,,2.77
895767,,2.77
158.1,,0.13
158.1,,0.13
158.1,,0.13
MAMBDIMV,,0.4
889590,,1.51
MAMBDIMV,,0.4
10530,,2.69
619205840061,,1.45
619205840061,,1.45
619205840061,,1.45
MABRVAI,,3.2
MABRVAI,,3.2
158.1,,0.13
158.1,,0.13
889590,,1.51
889590,,1.51
10530,,2.69
10530,,2.69
619205840061,,1.45
619205840061,,1.45
859650,,1.49
859650,,1.49
10530,,2.69
619205840061,,1.45
859650,,1.49
RJAP01039,,2.24
619205840061,,1.45
859650,,1.49
889590,,1.51
RJAP01038,,1.5
JY 1098,,2.02
619205840061,,1.45
619205840061,,1.45
859650,,1.49
859650,,1.49
889590,,1.51
889590,,1.51
RJAP01038,,1.5
RJAP01038,,1.5
0108,,0.31
0108,,0.31
1180,,0.27
1180,,0.27
1551,,0.4103
1551,,0.4103
859650,,1.49
859650,,1.49
889590,,1.51
889590,,1.51
Transparente,,0.04
Transparente,,0.04
JY 1098,,2.02
JY 1098,,2.02
JY 1098,,2.02
JY 1098,,2.02
158.1,,0.13
158.1,,0.13
158.1,,0.13
158.1,,0.13
158.1,,0.13
158.1,,0.13
158.1,,0.13
619205840061,,1.45
619205840061,,1.45
619205840061,,1.45
619205840061,,1.45
619205840061,,1.45
859650,,1.49
859650,,1.49
859650,,1.49
859650,,1.49
859650,,1.49
889590,,1.51
889590,,1.51
889590,,1.51
889590,,1.51
889590,,1.51
RJAP01038,,1.5
RJAP01038,,1.5
RJAP01038,,1.5
RJAP01038,,1.5
RJAP01038,,1.5
A172(A470),,18.0
MAVL54JH,,25.0
619205840061,,1.45
619205840061,,1.45
619205840061,,1.45
859650,,1.49
859650,,1.49
859650,,1.49
889590,,1.51
889590,,1.51
889590,,1.51
RJAP01038,,1.5
RJAP01038,,1.5
RJAP01038,,1.5
MABRPC,,1.51
MABRPC,,1.51
889590,,1.51
889590,,1.51
889590,,1.51
889590,,1.51
7898047010020,,0.05
7898047010020,,0.05
7898047010020,,0.05
7898047010020,,0.05
7898047010020,,0.05
7898047010020,,0.05
7898047010020,,0.05
ZR0380,,10.0
ZR0380,,10.0
ZR0380,,10.0
ZR0380,,10.0
ZR0380,,10.0
ZR0380,,10.0
ZR0380,,10.0
MABRPC,,1.51
MABRPC,,1.51
A051,,11.0
7898056628216,,0.4
7898056628216,,0.4
7898056628216,,0.4
A009-GM3000,,30.0
A009-GM3000,,30.0
MABRPC,,1.51
MABRPC,,1.51
MABRPC,,1.51
A008- BH200,,15.0
A009-GM3000,,30.0
A009-GM3000,,30.0
MABRPC,,1.51
MABRPC,,1.51
A013,,36.0
A014,,40.0
MAPEISAPOJH,,5.0
MAPEISAPOJH,,5.0
MAPEISRATJH,,6.0
MAPEISRATJH,,6.0
MABRPC,,1.51
MABRPC,,1.51
807909,,0.61
A009-GM3000,,30.0
A009-GM3000,,30.0
A009-GM3000,,30.0
619205840061,,1.45
859650,,1.49
MABRPC,,1.51
RJAP01038,,1.5
10530,,2.69
10530,,2.69
RJAP01038,,1.5
RJAP01038,,1.5
619205840061,,1.45
619205840061,,1.45
859650,,1.49
859650,,1.49
889590,,1.51
889590,,1.51
895767,,2.77
895767,,2.77
158.1,,0.13
158.1,,0.13
A002,,10.0
A002,,10.0
A008- BH200,,15.0
MAVMP21JH,,12.6
A009-GM3000,,30.0
A009-GM3000,,30.0
A009-GM3000,,30.0
A009-GM3000,,30.0
A190,,2.0
A190,,2.0
A190,,2.0
A190,,2.0
MAVM2P180C,,23.4
MAVM2P180C,,23.4
MAVM2P180C,,23.4
MAVM2P180C,,23.4
MAVMP24JH,,14.4
MAVMP24JH,,14.4
A019,,65.0
A019,,65.0
A019,,65.0
A017,,55.0
A017,,55.0
A017,,55.0
MAVLC450C,,20.0
MAVLC450C,,20.0
MAVLC450C,,20.0
MAVLC450C,,20.0
MAVUL21JH,,25.2
MAVUL21JH,,25.2
MAVUL21JH,,25.2
MAVUL21JH,,25.2
A008- BH200,,15.0
A008- BH200,,15.0
A008- BH200,,15.0
A008- BH200,,15.0
A008- BH200,,15.0
MAVMP24JH,,14.4
MAVMP24JH,,14.4
MAVMP24JH,,14.4
MAVMP24JH,,14.4
MAVMP24JH,,14.4
A107,,12.0
A107,,12.0
A009-GM3000,,30.0
A009-GM3000,,30.0
A102,,23.4
A102,,23.4
A190,,2.0
A190,,2.0
A009-GM3000,,30.0
MAVMP24JH,,14.4
A018,,60.0
A012,,32.0
A092,,1.5
A015,,45.0
A015,,45.0
A015,,45.0
A009-GM3000,,30.0
A098,,15.3
A008- BH200,,15.0
MAVMP21JH,,12.6
A015,,45.0
A015,,45.0
A015,,45.0
A016,,45.0
A016,,45.0
A016,,45.0
A008- BH200,,15.0
MAVMC27JH,,16.2
A018,,60.0
A018,,60.0
A018,,60.0
A018,,60.0
A018,,60.0
A008- BH200,,15.0
A008- BH200,,15.0
A008- BH200,,15.0
A008- BH200,,15.0
A008- BH200,,15.0
A008- BH200,,15.0
A008- BH200,,15.0
MAVMC36JH,,22.5
MAVMC36JH,,22.5
MAVMC36JH,,22.5
MAVMC36JH,,22.5
MAVMC36JH,,22.5
MAVMC36JH,,22.5
MAVMC36JH,,22.5
A009-GM3000,,30.0
A009-GM3000,,30.0
MAVMC45JH,,27.0
MAVMC45JH,,27.0
A009-GM3000,,30.0
A009-GM3000,,30.0
MAVMC45JH,,27.0
MAVMC45JH,,27.0
A013,,36.0
A106,,10.0
A106,,10.0
A106,,10.0
A016,,45.0
A016,,45.0
A016,,45.0
A016,,45.0
A016,,45.0
A018,,60.0
A018,,60.0
A018,,60.0
A018,,60.0
A018,,60.0
MAPEELBC,,1.5
MAPEELBC,,1.5
MAPEELBC,,1.5
MAPEELBC,,1.5
MAPEELBC,,1.5
A092,,1.5
A106,,10.0
A106,,10.0
A109,,16.0
A109,,16.0
A092,,1.5
MAPEB12C,,57.0
MAPEB12C,,57.0
158.1,,0.13
158.1,,0.13
158.1,,0.13
158.1,,0.13
859650,,1.49
889590,,1.51
158.1,,0.13
158.1,,0.13
158.1,,0.13
MABCARCOWEL,,0.58
PA0010,,0.2698
158.1,,0.13
158.1,,0.13
158.1,,0.13
158.1,,0.13
158.1,,0.13
158.1,,0.13
158.1,,0.13
158.1,,0.13
158.1,,0.13
158.1,,0.13
1180,,0.27
158.1,,0.13
27102,,0.05
45516,,0.42
49427,,0.45
158.1,,0.13
619205840061,,1.45
889590,,1.51
158.1,,0.13
889590,,1.51
158.1,,0.13
859650,,1.49
889590,,1.51
1180,,0.27
119047,,0.318
41455,,0.16
49427,,0.45
50571,,0.19
52531,,0.12
7898047010020,,0.05
7898047010020,,0.05
7898047010020,,0.05
7898047010020,,0.05
7898047010020,,0.05
ZR0380,,10.0
ZR0380,,10.0
ZR0380,,10.0
ZR0380,,10.0
ZR0380,,10.0
A171,,16.0
A171,,16.0
MAPEMAPE,,2.69
MAPEMAPE,,2.69
158.1,,0.13
Transparente,,0.04
